first_name,last_name,email,gender,ip_address,date,image,animal,avatar
Ancell,Silverson,asilverson0@bbc.co.uk,Male,9.196.147.78,6/6/2017,"data:image/png;base64,iVBORw0KGgoAAAANSUhEUgAAABAAAAAQCAYAAAAf8/9hAAAABGdBTUEAAK/INwWK6QAAABl0RVh0U29mdHdhcmUAQWRvYmUgSW1hZ2VSZWFkeXHJZTwAAAGZSURBVBgZpcHPi41hHMbhz/P2oJijzEKSQn4uFRsNK8lKKWZtFvMPKFulrKxZKGzs2MhismI3S5Qpg0YNZUFiaso5Z973e9+eJ45mYWo015VssxGZYur2qyvAXuAUcBxsTEKmaRJNAkkoWNqUvXBkz/YTyFy9eDRhm8u3Xt71f7r56I0LMr+dprg/+50Rs7bpiXHefloaUmQqeRd/HNq5hSol/undlyFVf9BupsgUtrdSGHj/dch6OCJRZArLmWJ6Ypz1UogqU1hOFJPXnzGQkGHmxlnO3ztHr9dDEpKQRETweGoGK6gyhSWqb/2WM8d2M/PiM1WvN8bBA/uobGOL13PzVO6CqqGwTLU8CFqbn8OOKkIkEqt1EVRSR5UpkkQ1HLb02yAGLZUkbAMGG9tEF1TuVqgyhTEjNn91XSAHlW1kEwoqu6PKFOpkIFE8nV1kpDe2jYUPH2nblpW2JbqgSQ2VZVNkipAWgf1zdy6w2oNLD1mL7R8UmSr0ZPLa88O2TyLtkDqwsAKrAweWsA3YoGVo5imSbTbiFyrGMBGmEu5TAAAAAElFTkSuQmCC",Guanaco,https://robohash.org/eligendinonaut.bmp?size=50x50&set=set1
Waylin,Anscombe,wanscombe1@cnet.com,Male,41.38.11.129,10/22/2017,"data:image/png;base64,iVBORw0KGgoAAAANSUhEUgAAABAAAAAQCAYAAAAf8/9hAAAABGdBTUEAAK/INwWK6QAAABl0RVh0U29mdHdhcmUAQWRvYmUgSW1hZ2VSZWFkeXHJZTwAAAHnSURBVDjLfVI9bxpBEJ1DKMeHkRUbCWIlSuE0KamuIVUKp4pSuI9cWPwFKhcoBRWlFTBtKij8CyIRIUWWUCQXprdEQcBCCtwdHPtxmVm8aM9HMtLT7e3OvHnzdq0wDEHHhy8/wrOPb+Dn/QwkD0EIqSARnEsoHx/C5bdfMLg8tXRNEoyQQoCUIXD2WMg3X8E34ETKhVkSJdh2Y2JTZBRvCZ8QJCIK8NDzGRzlbGBrEcGr/TS4foBE/1UgaqP7h4v3b/fgpPAMLMmA4Th+IOFP4MH3u9/UpPZPgq+fX4+8FXNfvni+pxRJCdrk1WoFbH7rvjuyR2aNpROGw6HDOb8uFArFxWIBy+VSERASiQTYtq3Q6/XGQRB8qlQqNxEPGGPVfD5fnM/n4Pu+mlWoW5F0Bq7rqv1SqVRENdWYiZhUJjXUGZVsuxM0med5kM1mARWUYx6s1+sDStbFpgfm/6MfB7sItsnm9+magAri7wA3Z9pQPbuWr9eWZSmFlLuLoE/zk9O6qwnaS6fTMJlMSG0/RoBz1QeDwTiVSkEmk4l4QJ3JvGQyCd1ud4wE9dg7oGi32+eopOY4TjGXy6k9rWY6nUKn0xnjbV00m82rnQQUjUbDQZIqdinTzZC5WDRD9BH1Vqt1Y+b/BXpYxDgsNaz2AAAAAElFTkSuQmCC","Snake, eastern indigo",https://robohash.org/estutneque.jpg?size=50x50&set=set1
Scotty,Ciric,sciric2@fc2.com,Male,34.160.88.243,6/16/2017,"data:image/png;base64,iVBORw0KGgoAAAANSUhEUgAAABAAAAAQCAQAAAC1+jfqAAAABGdBTUEAAK/INwWK6QAAABl0RVh0U29mdHdhcmUAQWRvYmUgSW1hZ2VSZWFkeXHJZTwAAACWSURBVCjPY/jPgB8y0ElB+YHyA8UTcg+kLYjfEP4Bm4ILxQa5Dqn/4xv+M/hdcHXAUFAc8J8hzSH+fzhQgauCjQJWN8Q7RPz3AyqwmWC0QfO/wgKJBWgKwh0C/rsCFRgBTVP4/59BMABNgZ+Dx3+bBghb4j8WK1wdHP4bQRUIYlNgs8DogOYGBaAPBB24DrA40Duo8UEA+kT4W+XS/8wAAAAASUVORK5CYII=","Rattlesnake, dusky",https://robohash.org/etetmolestias.bmp?size=50x50&set=set1
Antoinette,Kovelmann,akovelmann3@harvard.edu,Female,46.158.101.26,5/13/2017,"data:image/png;base64,iVBORw0KGgoAAAANSUhEUgAAABAAAAAQCAQAAAC1+jfqAAAABGdBTUEAAK/INwWK6QAAABl0RVh0U29mdHdhcmUAQWRvYmUgSW1hZ2VSZWFkeXHJZTwAAACoSURBVCjPY/jPAIMMCgxmYKiAEAOKwhmMDGZ//v/5/+M/qhI0BW/+gxQBlTDiUPDl/3v8Cn7//4VfwR/cVkB8kfI27S0WR+7rm/ui70X7i9YX88O7whtflANh7ouUPqgCBsbZLyBGAq1hRLBiX4BZiODBxgIpgAWPOYM/BgukGCl4En9jsswYkIIHKIzBgiiABg9QGINlxoAUPEBhDJYZwhdmDDZYWAoAtTEEdnXdy7IAAAAASUVORK5CYII=",Thomson's gazelle,https://robohash.org/pariaturaliquidamet.bmp?size=50x50&set=set1
Ario,Allsepp,aallsepp4@yelp.com,Male,10.60.67.86,1/30/2017,"data:image/png;base64,iVBORw0KGgoAAAANSUhEUgAAABAAAAAQCAYAAAAf8/9hAAAABGdBTUEAAK/INwWK6QAAABl0RVh0U29mdHdhcmUAQWRvYmUgSW1hZ2VSZWFkeXHJZTwAAAJ8SURBVBgZBcHda5V1AADg5/d73/d42g66bF8ZTgbbxcpoKaNJXWQ3fUJJdRF5JxRF5EGEboIZ/QPiTeFNGF03GFiRUSZiUGxlSlnqtsZya6ustY9z3vPx9jyhfkRXacCEVBVARARABAA0ccvJfME7aWnAhOGDVX37STJiSgjEQIjEQAxICAgoWtz6rlr6ZEoqVdW3n3pC/xgJVn7izxliJImIJAiRoqDSTe8+eqeqKUgyYpkHDwEO0djg+jlunKW1jkBRIHB7mfJdtInaCCmbS1yZZPYiG6tkndz7HE+eYtc4INBoUGvQzMlJRcTA5hJXPyIG0kj3KKOH2THAQ0eZOc2Nc9Sb5HUaLWpEERH9Y7zwIY+9y9CzrM3y5VssXAD2vULfKPU6tSaNJjlRGxICsk56RnjgZZ44Rdcg0+8zfx44cJRiG7UGjRY1ooiAvy/z6ZtMn2ZjlayDR96mcg8XTrK+TKnC3meoNWm0yUlFxEgR2Vph4SuWvuX+w+x5lAPH+fgNi++9ZvHarzZ+uy4rp3avtw3mpNoQSArGj5NVWPiamQ/oHqHSZ3EluL2ybPT5I7YN3mfrx8/9fPEL6WYUQSzo2cuuMXpG2P0wa/9wZRLMTX9j6OCLyjfPC2de0jE7ac/ATvONIAUCWys0Nsk6WL1Jvc7vv4B89Q/l/kGeOgYgPXG3vB2kchRNtPjsGNkOFi5TbzL7PWdelXWWbf5wVufU6+pbyzbx31oiTUhODOvSf8e4O4cpVYgF23vZ0UdXHzEKMTN/7aqYRY1kw79/FeaWEt3t9qVQf1xXqd+EflVtNFFDjhw1NFm03dz6hrwVZElhZywuDa20n/4fCNbrcsCV4KMAAAAASUVORK5CYII=","Cardinal, red-capped",https://robohash.org/assumendasedaut.bmp?size=50x50&set=set1
Gerrard,Loddon,gloddon5@discuz.net,Male,169.122.113.226,3/24/2017,"data:image/png;base64,iVBORw0KGgoAAAANSUhEUgAAABAAAAAQCAQAAAC1+jfqAAAABGdBTUEAAK/INwWK6QAAABl0RVh0U29mdHdhcmUAQWRvYmUgSW1hZ2VSZWFkeXHJZTwAAAFmSURBVBgZBcHPa85xAAfw1/Psy9bEFE+MgwyzrLS4KqUQRauVODohB/+As7OzGilZrpQki4OLgyiEImFWmqb5sfZ4vt/P2+vVitn+nMyZMpZdKeV1PpTpMjvZALQe7clMZ+9mawyKJb99sfA0p6e+AR4+/pySJEmSJOnlRe7cjIhoZ3wTAICtyjGAqojvBvRbJZYt+maHAqAqovLTiqj90lWJAqCK6DOgUumpBTPqDkBVRK2n1tJ477tRI+LKoe71pQdXz7eLaNRqjcaCA2LEqLHZY9uac8cHqyJ6ehp9Gpux5LEB+zSGbtxfbhdFrdaIuzYa9spFnYW3y1tMnL2QdmNRRz/4a1HXBvN60vttzry+qTdfJ9urh3WsM+GHrvWe5V/G1zXuTy8cbsWt7eVymWoPDaq9c9Anu634aMS0uaoVwLW19c66PL/05+zQif33fnh5unt7+dGToyIiIiIiTuVIIiL+A271xrBxnHZ+AAAAAElFTkSuQmCC","Otter, oriental short-clawed",https://robohash.org/quodofficiissit.bmp?size=50x50&set=set1
Innis,Schelle,ischelle6@addtoany.com,Male,205.157.147.75,1/6/2018,"data:image/png;base64,iVBORw0KGgoAAAANSUhEUgAAABAAAAAQCAYAAAAf8/9hAAAABGdBTUEAAK/INwWK6QAAABl0RVh0U29mdHdhcmUAQWRvYmUgSW1hZ2VSZWFkeXHJZTwAAAHHSURBVDjLjZPNSxtRFMX9WPk/VHBpoZRiJEtx0S5K20XFTVEKCq3g0hYXLhu6SjeFZJFNcSluxH03IiJocYINpgkYxEXSfDWTzMd7b2bs8d3XzviGRHTgMIt55zfnnpk7BGCIJK8HUgmp5B2akBqJfBogwTk3fd+/CoIAgySfI5PJfNUhOiBJZtu24ThOpG63i06ng3q9riC1Wg3ZbDaChOZhAtABxhiEEOpOsiwLpmmi0WgogOu6oJfkcrl/EB3gd/Pgf44VIISQodfrodls9o2kOtEBrLQGdrYSHZAjqbnDUVqtlkpSrVZvALz0bswuLMwaO0+/8eJ78NM34JU0vPYBAs+OQSgJ9dFut3XAck78WgUvf4B3kYY4/wR28hr2/hTYz/VYEhqHOiHQDaC4OMpP53Z5+aMEfJGAFNz8PFxjCYEvonE8z1O9EIQU68A8fvGY5V9CVFIQpQ3Ye4/gmYVYYZQiLJfSxADWj2fPmfEKzuETWPsPZfwExO/vyhSKEpDI3A84mnlrbE1uBrwFX4oVP4NfbveZdQ38jIN+Xz2FrtsAf2/bgwG6igD/IdOyIIce3Mcsz1pqezXAOEHusc6haPXHrwEWI98D8WYq8gAAAABJRU5ErkJggg==","Thrasher, curve-billed",https://robohash.org/odiodictadoloribus.bmp?size=50x50&set=set1
Worthington,Littrik,wlittrik7@discovery.com,Male,45.91.216.61,12/17/2017,"data:image/png;base64,iVBORw0KGgoAAAANSUhEUgAAABAAAAAQCAYAAAAf8/9hAAAABGdBTUEAAK/INwWK6QAAABl0RVh0U29mdHdhcmUAQWRvYmUgSW1hZ2VSZWFkeXHJZTwAAAI7SURBVDjLpVPPaxNREP7e7uaHhmxD09AaDzYgGCIBoeBFpJCAKIoXT54Cgh6EXL0U/C/EmyD2ZHMTTBSN6akXoWiIJU1qTU3L4kZjk+xms5vNurN1Q1rtqQMf895jZr5vZneYZVk4iXE4oQnuoVqtvjdNM2UDw+EQhmGMoev6GIPBgHwxk8mkKY9RC3byotfrLUUiESfoqE226fF4UCqV0Gg00tlstugosBkfh0IhSJIEn883TppMpHOz2YQoiojFYkS6ZD8XWblcdtjD4TA6nc4hudQKJTLGwPO8wx4MBhEIBFAoFFCv19MCsZN06pWC/H6/A5d9rMTGqL4MfrcJVbyMZHIBlUplSSAmRVEgy7IzIAoejUagYZJ372J7FfHzGqYS9yGtPUG/daCSCqSIiS6UZLfkSOY4bqzgLNvAQrKLqQvXoDTyOBWcx5y8isjQSHHESr0SqIAL940w65MRSt6Cqdbgn4lCOA1Er17E7cQ+BCrgJpHUeDzueFc+vVu9rzDa38DxLTBOgVdsAZoKVRocFKAv4AT+HZjbN7MTxfZreObsgsMKuNFv+98NwjJ0VFe2kduahqBpWiGfz1+f+MscH+W3kBC/48zNO7D0t2BmF59fdWF2ZPD2jHK1GexhusCOW6ad3I312St3L+mtpxCEKWwUe+rHNSl7Tuuv+AM8Fp/vdA/twj9bxkNn/C54XwRf3vzsfVr/8fDBcv3Fsct01Pa2W+86+x/m1V9Kf3NTfnTvWe3l/+L+ANeBhMdSVgxaAAAAAElFTkSuQmCC","Dolphin, bottle-nose",https://robohash.org/quismolestiasmolestiae.jpg?size=50x50&set=set1
Sherlock,Bocken,sbocken8@google.es,Male,146.221.169.119,1/15/2018,"data:image/png;base64,iVBORw0KGgoAAAANSUhEUgAAABAAAAAQCAYAAAAf8/9hAAAABGdBTUEAAK/INwWK6QAAABl0RVh0U29mdHdhcmUAQWRvYmUgSW1hZ2VSZWFkeXHJZTwAAAGrSURBVDjLxZO7ihRBFIa/6u0ZW7GHBUV0UQQTZzd3QdhMQxOfwMRXEANBMNQX0MzAzFAwEzHwARbNFDdwEd31Mj3X7a6uOr9BtzNjYjKBJ6nicP7v3KqcJFaxhBVtZUAK8OHlld2st7Xl3DJPVONP+zEUV4HqL5UDYHr5xvuQAjgl/Qs7TzvOOVAjxjlC+ePSwe6DfbVegLVuT4r14eTr6zvA8xSAoBLzx6pvj4l+DZIezuVkG9fY2H7YRQIMZIBwycmzH1/s3F8AapfIPNF3kQk7+kw9PWBy+IZOdg5Ug3mkAATy/t0usovzGeCUWTjCz0B+Sj0ekfdvkZ3abBv+U4GaCtJ1iEm6ANQJ6fEzrG/engcKw/wXQvEKxSEKQxRGKE7Izt+DSiwBJMUSm71rguMYhQKrBygOIRStf4TiFFRBvbRGKiQLWP29yRSHKBTtfdBmHs0BUpgvtgF4yRFR+NUKi0XZcYjCeCG2smkzLAHkbRBmP0/Uk26O5YnUActBp1GsAI+S5nRJJJal5K1aAMrq0d6Tm9uI6zjyf75dAe6tx/SsWeD//o2/Ab6IH3/h25pOAAAAAElFTkSuQmCC","Owl, burrowing",https://robohash.org/inventorequisexpedita.png?size=50x50&set=set1
Winifred,Halksworth,whalksworth9@gizmodo.com,Female,125.76.210.147,7/2/2017,"data:image/png;base64,iVBORw0KGgoAAAANSUhEUgAAABAAAAAQCAYAAAAf8/9hAAAABGdBTUEAAK/INwWK6QAAABl0RVh0U29mdHdhcmUAQWRvYmUgSW1hZ2VSZWFkeXHJZTwAAAIRSURBVDjLjZPJa1NRFIera/8ECy7dV7txkb2UOoDgzo0R3YuLrFwWIVglWQRtN0GCLkIixJDJQJKGQOYBA4akmec5eSFT/XnPsXlNsWIffOTdd3O+e+6PezcAbBDiuS7YEmz/hxuCq3LdmmBrOp32F4vFyXK5xEWIeWg0mnfrknXBNhWPx2NIkiQzGAzQ6/XQaDRYUqvVoNVqZQkXGwyGm2q1+k00GkUkEkE4HEYwGGQCgQDS6TSKxSILJpMJaBGdTvdHYjKZHvp8vuNsNot6vc7QavRLq1UqFcTjcbhcLrmLFZyJ2+0u9Pt9hC1f8OHpDt4/uoO3928zmscKHD5/gKPPB8jn8yxpNpuoVqtnAqPRiOFwiPGgB/fhPr7uvcJH5S4Ont3Dp5dP8G3/NX4cfedCi8XCeXQ6nTOBzWaT5vM5J0yTFFy325WhtmkbhN1ux2g04gVlgcfj+UmDUqkEh8OBcrnM7xRaLpdDIpHgcSqVYihEYr0DL61O6fv9fhQKBd4vhUrpk6DdbsNsNrN8Nptxt7JApVK9EMW9TCbDEgqI2qUOSELvJPF6vbw9Kj4nEM81pVJ5V6/XH8diMQ6IaLVaLAmFQnA6nfyNslohC05P4RWFQrFLHVitVoYSF2cEyWSSgxOn9Bx/CWggPv761z24gBNZcCq5JQKSaOIyxeK/I769a4JNklziOq+gq7/5Gx172kZga+XWAAAAAElFTkSuQmCC",Four-striped grass mouse,https://robohash.org/quosautsuscipit.bmp?size=50x50&set=set1
Isaak,Dengel,idengela@princeton.edu,Male,68.177.114.86,9/8/2017,"data:image/png;base64,iVBORw0KGgoAAAANSUhEUgAAABAAAAAQCAYAAAAf8/9hAAAABGdBTUEAAK/INwWK6QAAABl0RVh0U29mdHdhcmUAQWRvYmUgSW1hZ2VSZWFkeXHJZTwAAAH6SURBVDjLjZPPaxNBHMVT/wgRsVDPgpdIya3QitWDepAqWKgHQaSiPfij4CHtRSEXRUmwKYW2emkRoYgHUbQEkVLFSmoJXWtRUtlkk7WZ/TW7yyY+57t0wyY1moHHLuz3fWbesC8CICLWAaGoUPd/1CW0hzyBIjuAqOM4zPO8WrVaxd8kviOZTD5ohgSAbjKbpgnLsurSNA2VSgWKoviQQqGAVCrVAKHVQQAasG0bruv6T5JhGGCMoVQq+QDOOWiTdDrtQ3YByByIAGTQdR3lcnlXpJ076WgAiBj1AXqn3EEUVVX9k8iy3BrQrDBE1xh+ZhLYenkZlbWn7QHCEOXDFNTlEXjGMoqLF3Hn7L6RtgCkX6tzKGWG4LEnYGvjUJfi2Hh82n5x9eD5tgDym1G42/Nw5Dic4iRYNg6eH4c00cNaAujogZSlhzA3E+A/hmHnr4N/vwD+dQCfxmLGPwGmnIX8+gqKmUvQpSHwjVOwNwdhrQ/g49hhd+ZcV+sIbP05thbETvk0rG9nwKVjWEn14Mu9fuTuH8fN3r2jzZf4uyH3q2GReRb6agw814/PE33IvZ2HazC4plYjT7gLR8TfZwljvUzFxWtwlbuwpJNYedQH6d2zAF4Ts5Q9GgZ0EiRc3blbh6azU0e33ydihRsn9t9uqjVVv5O8fwBNdbGhhwEriAAAAABJRU5ErkJggg==","Goose, spur-winged",https://robohash.org/earummolestiasmaiores.bmp?size=50x50&set=set1
Luciano,Worledge,lworledgeb@gnu.org,Male,172.76.155.196,5/6/2017,"data:image/png;base64,iVBORw0KGgoAAAANSUhEUgAAABAAAAAQCAYAAAAf8/9hAAAABGdBTUEAAK/INwWK6QAAABl0RVh0U29mdHdhcmUAQWRvYmUgSW1hZ2VSZWFkeXHJZTwAAAJwSURBVDjLfVJdaJJRGH4+dXyagylpDj8rhwuRfoXqqogCL2w3u+4i2EUEw5vY7UAUuvGq6xgUgUUULDJKcFHeSA2a1cXCbWjIgmVT0f36/fae0yS3sAMv7/nO+zzP957nPYJhGOiu2NsJ43ooioVGAZqhQ9O1vdCh6iouuC7hwYtHyN55L3Q5FvQsVVGhG3/AjKjq+l7+G7Ks9lJg2idARdaQohFQU+HWJITly7RXoGp7tY7SX0AhARGHIJqsJKJiRA4hYAnBrgxBNNtgMwYJ83+B5OL3bzgqjsIBF4bkw3A6nTiunMCINYiFL585pq/A4xuz8fziu2RttYGQEcawZxgOhwNHtiT8XK7jzcfXyU+pr/FejsCmUCwWbaqqBinMiqLg+fKT21e9kVtng+c4aG1tDc8+PM2cGjqTYHVZlkH519TUVJULzM/Prw4MDEgamUciPFjrJpMJnU4HFosFtVoN6+vrjMjr7XYbjUbjJh8jHU7u7OykJUkaZC23Wi1sb2/zYD9gwh6PB4FAAKIosh+iUqm8JN6s0H1IuVxulA5eeb3eoNVqxcbGBieyOgt2ptO7yGazGuHiiUTi7j4TI5HICt3t/NLS0ixr02w2cwILJkBXZOQGYaJd8j9TGB8f3yRArl6vcwHmAcuCIHAR8mMzmUzm+o6RLQKNuVwu3rLdbsfu7i43lO0pHyPnT/cVmJmZsVEH13w+H6rVKjKZzEo+n39YKBTQbDbh9/uZ4WN9BYh8xe122+iuzOn79B2Ox+MTpVIpmk6nfzA/DgpYDrQvlcvlChEnp6ens93zVCqVjcViJ+fm5u7RG7jYy/kNO+KHFL4q4agAAAAASUVORK5CYII=","Wallaby, euro",https://robohash.org/fugitnequeexercitationem.jpg?size=50x50&set=set1
Adolphus,Ackerley,aackerleyc@unesco.org,Male,77.150.86.209,12/28/2017,"data:image/png;base64,iVBORw0KGgoAAAANSUhEUgAAABAAAAAQCAYAAAAf8/9hAAAABGdBTUEAAK/INwWK6QAAABl0RVh0U29mdHdhcmUAQWRvYmUgSW1hZ2VSZWFkeXHJZTwAAAFySURBVDjLpZM9a1RhEIWf7C6mWASLSEBsbUWb/AdrW8HKRrC3EgWttbCzUgQRtRK0ERVEm/Q2aiPoBtJEosZ7Z+Yci3tvdosgKxkY5m3eZ77OrNjmMDYBePhu55rNpbJOSqIEKVElSiZLC15UmpI2b104tTEBkH3l/MbRtf/JfP3x59P7FZS0BjB9dhlsqAQVRHTvtoFooQmI4NfV10TU6gJgmIPhxHFQdu7sIQ1EA9nCxxkAkTWfQZV6wAp83warq0TqKqkhAuvrALQ9ANvcfTnzz72wbd9/M/tnfPLhm7d/7Pni7U3bZgQQJbTkOpswu7+DNroKRkMLy6qhyaINkak5IEpYSwJC/bgXASmWVWT0maerkzkgpaUFNACGzU0AMhMDD95uMR51UTb3Xs2IKu68+Eobxc2nXzgy7j6ORwu3ENW1cO7sMbIG7Xv/Fg4yqZtaLyS/v/Ho05m2NI0sIotKESWy8kDAzu6f5wArhz3nv90eObvZ0Hw1AAAAAElFTkSuQmCC",Australian magpie,https://robohash.org/temporevelmagni.jpg?size=50x50&set=set1
Faythe,Maxsted,fmaxstedd@va.gov,Female,145.140.134.63,3/19/2017,"data:image/png;base64,iVBORw0KGgoAAAANSUhEUgAAABAAAAAQCAYAAAAf8/9hAAAABGdBTUEAAK/INwWK6QAAABl0RVh0U29mdHdhcmUAQWRvYmUgSW1hZ2VSZWFkeXHJZTwAAAKoSURBVDjLpVM9TFNRFP7ubWvb1x+QQAtRIFaRmEakaYiGiJaAurioiYsxXXVxMHESB40TJI5OOihxq0sZTDBq6kANikAJNLSBAokQ29q/1x/69673PoSoMS6c5Oa8c979zv2+k3MIYwz7MYp9mvb3IBKJ9HB3T7BSFAXcW8Q3P/KvWOTHXC5XaBdDRDIajZ7jflyn03VYrVYQQnZ+cr9bTJjwyWQSxWJxg+dv9vX1fST81SEevLXZbKRWlLE++wlyfBO5+BZq5ZIK1BkkWGxtsNoPoePUaTCdHqurqxzGLpDl5eVZDu41m8148+QBVoLv/qv5aP8QBm/fR6lUEsznNF6vd2xtbU3vcDhw7IwHBTmrXqxXymC1GpdB0XnSDvfFw7C0n0XXwGUYG5pUOYlEQtJyBrnh4WFLuVwG7wEGvHeg0WjUIoVCAay+jVx4FJbWfjQVMjB1diEej6t3uIQkTafTU3a7HQaDQaUVi8WQSqWQzWZR4wwK3yZhanbD2uZCfuMDVhYDKrharQoWE9Tn8z3f1ScKCGr5fF59XU6uIL8+CUtzI+o5P2zOG6CJ99BpqcqCMxihCwsLOQEWIJE0mUzQ6/WglKC6NYmW7ivA9ldMv3wFc2MJJL2E2o95wS7l8XjyVJZlRXRTkiQIKep4Uop6JowDrAzLwSKUcgxgCur5zzjiuYvU/DhQyYyqd7mWkNPpvOX3+8O8H8hkMqCEoRD1obGjF0oxxLEluK91Q6ls8l5F0OI4D33osX5vEsnO6EmBQOCFVqu92lRbIhKR0XrcyF+d5lormHkd5kVOgGgaAOMlfHk2EmeKMkj+3sZgMNhO5x5u9Fx/Cg1d47OQ5ln2x/5pjN34vjiHyMQjH/nXOk+NuZOsrkhM4YsklmjvsD2PneWa+QnIJn6IP3aTNQAAAABJRU5ErkJggg==",Hippopotamus,https://robohash.org/oditteneturaliquam.jpg?size=50x50&set=set1
Bernardo,Mockford,bmockforde@yahoo.co.jp,Male,226.16.28.217,11/9/2017,"data:image/png;base64,iVBORw0KGgoAAAANSUhEUgAAABAAAAAQCAQAAAC1+jfqAAAABGdBTUEAAK/INwWK6QAAABl0RVh0U29mdHdhcmUAQWRvYmUgSW1hZ2VSZWFkeXHJZTwAAAChSURBVCjPpZExCgIxEEVfZI/jGWy8gFewX6w9h7C1V1iwXRsvYCN4DUEEJ3HzLbIRF4zNZsq8/+bDOPH/zZgKVABHASzdVj0vAp6A4bH60CBEp5s6iV9TZZWAjULO0rqvFekbdq7QQUQisFZKG08Mw+prMwL2JUOkJwIr2Sd/cSMgGdqyIZVcDIbUJBDqR+6QgFPJAGcA5spZz32A3eRrvgFwMGHf7+AlJwAAAABJRU5ErkJggg==",Mara,https://robohash.org/voluptatibusquasofficiis.jpg?size=50x50&set=set1
Godard,Rapps,grappsf@amazon.com,Male,149.95.242.71,2/26/2017,"data:image/png;base64,iVBORw0KGgoAAAANSUhEUgAAABAAAAAQCAYAAAAf8/9hAAAABGdBTUEAAK/INwWK6QAAABl0RVh0U29mdHdhcmUAQWRvYmUgSW1hZ2VSZWFkeXHJZTwAAAKASURBVDjLjZJfaFJRHMf3sOhlSG8RvfbQS0G9RNBLPRUEPfQQPQQrVkH1VC/BegkEL1O7ouhwORS1beI2///Z9TKk2EMEM3QqTkQKdU5S58VhE9q33zmkrRhjB36ce889n+/5/r73jAAYOaoikYgqGAxKfr9fWFpaGv3/+3HghM/n6y4uLioej0eYm5sbPZZAOBxWBQIBBu/W63V0u10QvOdyuQSHw3HySIEBvLy8vFur1UDPoBagKArsdvsvm80WslqtJw4VCIVCKtosD2AGzs/Pg9pBu93mTghWLBaLYDKZRg+FKazdarUKss9sgxxhvViFGMnC/+UbzGbzvtFoTIqieGoIU1gqAmQKi8PkAG63GySKZrMJ80oeE+8/45VrHd8rNRCs6HS6a4fC5AAUFu+90WggmUziR7OFSU8Kno95BOVP0Gq1fUEQbnABOk32er397e1tkAicTifvncEkjtXVVZTLZWQLJXwIyAzeI/jyMESCpYWFhf1KpYJisQhJkjjMHESjUZRKJbgiVry0PMCTd3dwX329e+v1xTdDAUpZSafT2NnZwebmJgqFAnfAks/lcrD5DHjrfYjwhhlfaxLExDPcEy/gyvMzOi5AYW2tra0hFouh1Wohn89zkWw2i1QqhXHhJgIZAwI5I9jQyY8hyk+ZQI8L0M06PTs7208kEvzXsdQ7nQ4ymQxkWcbtyUuIbthwcATTZibw9w7MzMyMTU9PN1jP7BeyvuPxOCis3tUXZ39qpUfQSOMc1qyM/+tgUHSzxgwGwxbrnwWo0Wh6arX6HG1U39Wdh16a4Cezmb0PMzhYer1+bGpqaotghcGDddosUCnM9p9ZYOu/ASUg4G4xOdG6AAAAAElFTkSuQmCC",Denham's bustard,https://robohash.org/velmagnamsequi.bmp?size=50x50&set=set1
Elyn,Gentiry,egentiryg@mail.ru,Female,108.122.2.239,12/29/2017,"data:image/png;base64,iVBORw0KGgoAAAANSUhEUgAAABAAAAAQCAYAAAAf8/9hAAAABGdBTUEAAK/INwWK6QAAABl0RVh0U29mdHdhcmUAQWRvYmUgSW1hZ2VSZWFkeXHJZTwAAALWSURBVDjLhVNrTJJRGLZB/a9ftbl5R8WgEpEPUFTy0jS85UKbpuElUykFE8mmLW+joZXTLOclUMwLSKKkpmnaD93M+tPqR6vWdP2wVdo0yTmePtwyLbWzvTvn3Tnv8z7Pc86xA2C3UwQM8BDQzw2yrf17OLF+et+Vv89sSYKG+S6bc4GJgL+RY8qqjnTmd7LTee0+33cFCLR1NHPzf+d+Bo6F3+X7JaMkVBddwVvhNbGs8Xl81Y4Agj5iwb+XsKxT1hOLvA42uDofcDU+KJ6QYWLWiEJ1MkTp3pe3BSB1Bvl1+0LQSSxE6ENgeNWMwTdtqH5WDsZNDyQPRKFrqh7Hqg7jqMoLzHI62bWXWCR1bmgndVoDdFx0vLiFsiEJikzxKDClQFBPgKHyhKRNjOBo2tsNBqTOVVIneA/YWoGOmD9tiIbueRWumc9CbohCUqsQCV0x6JxuQN1YNZilnuAnuBm3SOC2+UwSGhaIZhb0L2tR3J8ImT4SSZogiNsjcXe8HPIOMe6NVoBRTAddSVvyLHCTbvGAaGRZEjpjoR6RIrdLhMQWIeK0J3FnrBTS1hikNoWRACrQFTR4yF2t7rkuoOU4/zGQU+e9nGmQ4PaoAkn3g3GqJQLq/kJkaSMhaQxDa2U4HokPYVhIxWAIZW4ohFLokuF4dQOAV8Ou9FYzcN2sQFyzCOo+JbI0IqQ0hEJbEY4ZOYEVcxWsrwex3CHDdDZj7fFxqnTLNbIqj4y75Dui6WktrhtzcJ4EKnuYi96YA/hBFqNGBCj2AxVO+HwjEEPBlPf/vH9mEX2cqaTjkiYTcm02mHn0ddrWmR5sHt9KDmJESLVu+4m85DSNu9R5zfWCE0id6D6x7+dSUypAFlkK7PCVjI+ZFJA+zNnt9htt4XzOYVJ2xh5TaW5rnxROmFfuxbu0PXgioq6RZl75L4AtHBLsVy+K7S1kxw822uQ8ayu27f0CZyF3rEtmMUcAAAAASUVORK5CYII=",Striped hyena,https://robohash.org/doloresvoluptatumdoloremque.png?size=50x50&set=set1
Spense,Critchell,scritchellh@diigo.com,Male,202.32.218.249,5/20/2017,"data:image/png;base64,iVBORw0KGgoAAAANSUhEUgAAABAAAAAQCAYAAAAf8/9hAAAABGdBTUEAAK/INwWK6QAAABl0RVh0U29mdHdhcmUAQWRvYmUgSW1hZ2VSZWFkeXHJZTwAAAFlSURBVBgZpcGxTpNhGIbh+20+DUkTRhkcNLBIOmG6+Q+egg4cgWExhDi5sDm5SErCoB4BDB4KjnVTBpooCTKUOvx9n4d+ISQOQNL0usI2i4hX7w7fNi/7H88n7tqAhCVSiWVk4Uxk40xSYvlhezkcnr7/9mnzoPRf9PcfLHU7K0vMo3s5yX3goExadybnY+b1r3WHmeI0u68fM6/twQlVsYVtTGUwEMH342Pu8nxjg1RSFWwyk63BL2583XlK1TQNtxmPx2iaVCWVyObz9hMIgwPZ3EcSSlEVyyhFBFjMGML0ej0uLv5i858ATABSUhUpkRJzLZgxDH8Mucuz9XUkUZVp25KZ7Hz5zY3B1gpV0zTc5uzsD9N2SlWcQhJ7bx4BppLEfTKFJaoiCcmACMBcW11dYzQaAQFhgsCGCIMD2VTl9OfJ0YfDdlOZKEVmIolsWyQhGytxGllYQqI6YiZss4gOC7oC3Q3wOtNMt7AAAAAASUVORK5CYII=","Hyena, striped",https://robohash.org/officiadoloremquod.bmp?size=50x50&set=set1
Dorotea,Lies,dliesi@github.io,Female,135.143.169.16,8/17/2017,"data:image/png;base64,iVBORw0KGgoAAAANSUhEUgAAABAAAAAQCAYAAAAf8/9hAAAABGdBTUEAAK/INwWK6QAAABl0RVh0U29mdHdhcmUAQWRvYmUgSW1hZ2VSZWFkeXHJZTwAAAESSURBVDjLtZMxTsNAEEW/k4gCIRdQcgNuwQ18CG7AOdL4AJyBgmNQ04JE4Q7REGHPzP8Uuw52nJggxEqr3dFq3vy/s1tIwl/GYu6wrusf6cVQwf3jZhsEAQqIAJyA5/Xm+rQYAla7xIuzBdgnE4i8ksLrW0wUjAACQH4nkqkqqRRP88eAXi6VJCeYRrBZgAfQvHPrl5H2oQTlvluUdHBWVaW5c0mpC+uHZtIud8GdMCdaC1hLtEZYR3QeuLu9KkYWLs9PsqLsewAwX8JNMCfciaeXj/13QAkMwCMnWwK4EeZCBOEhBDkFULlqKFcLuBFdVuIukAJ3nv6q9/vcfB70653gQei3XSjL8rgu/NtvPGZ8AUm6WPSP0fwsAAAAAElFTkSuQmCC","Dove, rock",https://robohash.org/molestiasipsamlaudantium.png?size=50x50&set=set1
Osmond,Garr,ogarrj@geocities.com,Male,98.117.214.204,6/9/2017,"data:image/png;base64,iVBORw0KGgoAAAANSUhEUgAAABAAAAAQCAYAAAAf8/9hAAAABGdBTUEAAK/INwWK6QAAABl0RVh0U29mdHdhcmUAQWRvYmUgSW1hZ2VSZWFkeXHJZTwAAAF6SURBVDjLjZO/S8NAFMe/l8Q0ASUUXRwK9R9wFDfdunV19Q9wcmg3/wHp4FLo4CA4Ce3o6OLWUZwKpbRLMdDFCKH5dd73SkvQkvTgeLnLe5/3vXfvhJQSu4xutyuDIEC73Rb5fQM7jizLMBwO/+1b+UWv1+soRZdCiGO1PFJzT33r4Hq9DsuyigFRFN02Gg1UKpWNc5qmehJimmYxgE6e5+GsX4VrZQgzHlfiwI7xdP5VroAOzCZMidaFgGVIENH5sPAdZeUAwzAQxzGECrSpVt0Qq0ygErKbAh5DqOC7dxWj0gtKEGSl5QAWiYCX009t18Wj9UxvK8DYBugHz3hN+hiNRnp9+PAINlzpLawBTedqlflkpcC/uUYVKFewrsF4PNZ2MpnozLPZbJOg9AgMYNdx0BJUq9U2CQoBvEYGzOdz2LYN3/fhOA4Wi4UG839hDVTf/4RhuJ9XwLdAy/5Qr1EWAqbT6f1gMGgul0sdmAMjSRK4rvv2F/ALQmi5wbpDa1QAAAAASUVORK5CYII=","Marmot, yellow-bellied",https://robohash.org/nostrumquidelectus.bmp?size=50x50&set=set1
Mitchael,Snelman,msnelmank@cargocollective.com,Male,57.29.215.232,10/1/2017,"data:image/png;base64,iVBORw0KGgoAAAANSUhEUgAAABAAAAAQCAYAAAAf8/9hAAAABGdBTUEAAK/INwWK6QAAABl0RVh0U29mdHdhcmUAQWRvYmUgSW1hZ2VSZWFkeXHJZTwAAAEwSURBVDjLpZMxSkNBFEXPD2IhVmKlS8gGXIBdsHQRkt5dWGYfFmYXtsHaQkTQRlDIzHv3WsyPIfiDSh4MU8zlzJ375nW22aX2fhPc3D1v3JA21xcn3Z8BAKdH+9hgm8fXMuzg9v7TBpRgwIbLs4MOQDYSWCarhgEpOD4cIcCCl/cmzDRKkEzKlNgCsCHddhlWugiRaVIiE+oyhwGRNJs9IHtdTTeITOZPByOA6XRq9Q5C6zWZTFyLqSFqiAhRqhiPx94AzGazbuWgLaMU8/m8KyWJFFlFDVOLWCwWP9sYakHKbhn0Tyghovr7CXVbiJki1a0z6E3WZbMvNU0t3hKi4ektyb4jqx9eQkQay62V3gK4Oj/shn5hrUmGkVcQ/W8WIszD4weyBs+7XadxxI71BUieEw+8ru7iAAAAAElFTkSuQmCC","Weaver, red-billed buffalo",https://robohash.org/quisquamquasexcepturi.bmp?size=50x50&set=set1
Brina,Mattiacci,bmattiaccil@discuz.net,Female,13.235.116.234,5/29/2017,"data:image/png;base64,iVBORw0KGgoAAAANSUhEUgAAABAAAAAQCAYAAAAf8/9hAAAABGdBTUEAAK/INwWK6QAAABl0RVh0U29mdHdhcmUAQWRvYmUgSW1hZ2VSZWFkeXHJZTwAAAKGSURBVDjLpZNPSFRhFMV/33vfzDjOvBmlRkuz0THKIjGN2qSrFkFEBUFBG1fhtkW7aB1UUNDCyIJaRC3aRAXWxkroHxpCRGaY2uS/GWfUGUfffPPe+1poUbvCs77n3HPvuVdorVkP5P8Ujz3ae0IVtj80w80U5l4i7MlO8a8OfvQmTsvAyXvBjR1EG1pZGHvD8PNbs/JCz7u+snKrdS5fCi3ZjuFp8NC4nsbTGldrmq234kx7p4hWtJEd/YxfKKzIJsoq4zEZq4zWdR3bHimWtCgLmH91FYDKvEKlM0QThyhOP8BfLpgYGsb1/Fwe25c0UjknoRxP3OubJjmnKBQ1ExmPZNYjOdaHSvUSbTyMPdWD8M3jC1tgz2Hu7WK5YvdWo1B0RcBnULs5wvPBFAtLJaojgpXxx5QvPCO67Sj2ZDeGr4TK1TP1YoiB6vPE6psAhFy2HQASm8IIDb0DKdo3DOLLvaaq/Qhq5hamX2Mvxpnp/8DgtmtsrGtE6FWeUbDd1TxNSNSEiWaeYWbfo9wapj9ex8OmkK0l2f+JgcQVahsaCf4RviysrCoJAU7JwTd9n13Hb/PlwTlG+l8T2NqCPZ9mvu0ivnAMQztIn/y9ZWO56KIBpRxms3lGvqVRn57Q0NJBKLSDyaFR9IFLNDXvoX6zRXYhj+c4aA1ogVwuOtr1tEhl8tTFLO58TXH1Zjf7dzbgj7fQfOou/sgWPDSy3I+ssphK51ipCIL2tCxkJ8eLyok3bQmKcNAQN54mMdZGEkKsOfUQvw4DSbzS8sZn8iqX/jEl1VJ64uDZ3sqAFQrJgCmkNDFMgWmAYQgMucpb00KAdh2lVhbnM+nR5Hex3m80WCd+AqUYHPPwkaN5AAAAAElFTkSuQmCC","Hyena, brown",https://robohash.org/nisiteneturqui.bmp?size=50x50&set=set1
Agnola,Jachimczak,ajachimczakm@epa.gov,Female,101.59.109.31,10/26/2017,"data:image/png;base64,iVBORw0KGgoAAAANSUhEUgAAABAAAAAQCAYAAAAf8/9hAAAABGdBTUEAAK/INwWK6QAAABl0RVh0U29mdHdhcmUAQWRvYmUgSW1hZ2VSZWFkeXHJZTwAAAJ0SURBVDjLlZPdT9JRGMe5qFu2Lrt1a63LWv9ATRdN5xvLsnLRipzZpIVpigjyIs3XAOUHgopoWkggP5QXSRJwJQmtm/IlAWtt3XXTfubS+nZ+P1eby6ldPGdn5+zzfb7Pc57DA8DbL9rjrYxuVsXf7W5fuC2mYawpE7QRJZpDDfz/EngYVTN9qR4EPvlgXjCiKVCPWvou/0ACxDJjSbIwDefqMPxrEzC87IDUW4Pq8Vv8PQVaX7Qw5qQRgY9ePP0wDMeSFfWTUkxmPeiI61DlFOP6SAV/VwFtRMFQCwb4CdwW10IbVcK+aMHgohmPlwdBZ11oCctx1X5p/R8B9Uzzuum1ntj1Iv1tGRtb3zH2dgSa2eZtOOOCMizD5cGyzR0lGBNdx1TP5T96E4+4WttiWg6mYr3Ifk1DF1PBmxmHYlrGZkbFUDku2oSHOAFjolOuIpZ65rs5+MmKg9hWcJlZWB1UbsOhRjYz5r/MoSn4AKWWQg0nwFoyzndhijRobGWIq3XgPQU1sa2LqjCRHoc81IBK9w0OnvscRWQtBGFfEc4b8o7wNDMKOwnY3lDwZZ+h1idB/zsThpf6CezkstVN3yNwHFMrNGqCVRvlA2UQ6POkud1nTvE0EcVR1gU7JNSCnrPrWLRtw+RM7BKBXnJDP9eOYqogVNAj0Av0uTk7mtjov2+1p2yQ0hIYXnXCs+qEzF+HC9YSyIiIsK84XWTKP5tvPHdi11GupSXHW8JNW+FMAHdclSCCKDEX/iKdDgotRY17jTu31LhvHybT5RGPin5K3NWs1c0yW+lp0umc/T7b383NUdHJa44rSfJU+Qf54n/iNzi8zBtL0z1zAAAAAElFTkSuQmCC","Lemur, lesser mouse",https://robohash.org/omnisutnihil.png?size=50x50&set=set1
Bobby,Lackemann,blackemannn@mashable.com,Female,187.245.6.203,9/14/2017,"data:image/png;base64,iVBORw0KGgoAAAANSUhEUgAAABAAAAAQCAYAAAAf8/9hAAAABGdBTUEAAK/INwWK6QAAABl0RVh0U29mdHdhcmUAQWRvYmUgSW1hZ2VSZWFkeXHJZTwAAAJDSURBVDjLxVNdSFNhGH7OD3NmuaVnapg5lVCJKINWlBJFYGTSz0XYReHFIJFdehEEFkEF3kd00ZWFXSlIYgyDRlsLJVkbEgu3JjpxZqaOOde+8329ZyIs6kLwohee873fy3me73nPeT9JCIGdhIwdxv8XULeS9j6/jZZ+zvlhrnOTznRsgpkZY1k9y6bo+XDiybU3/xSg8Dc3aHVH7XvJlgSdczAOyoBfJBSNrza/GP08QlvlLwE6fbcqo868PIUBzxecae9EcNyDrC4Qn5mG48JNRP1DWAyFqeXrf7ZA5Aqy/bqpthSxoA/FZXaspRlSGwwLs1FyIbCaYuA6UFlWjKqzPaJAqw9Te5e/DXWFpYuPvYMt9barpxpsiCQ2sJLKkmVOEMhkeQ5GbtmloK68ENQNPgYicHtC4zPD3SdU+mBtxw9qCM+ncydnDHKOZJDFphjta76+hBYZgPlHDPus5TAJh6PqEi9RyYrJGMbUXACjr57BVGDGsZY2HDnZmrPPdA7LZD/s7C0aOrtQUHMI6aAb2vsxnA77XFLT+RuCJRNgyUXYtBLIsozE0gokSy1EegnGqPdaJ3Gl5wEKI++AuBewWLGkVmPC/WE294KBxsbGqNPpFC6XS1Ae2qobGDuncv5pUOTHz3sVwqjnz8Etn8/XR2ua8Dz/V+mKiK8HRvYXDXcjk17AOtWSawrVMS9t5zZ6Oyrvm/YU3a0qZaoqzyH5nSGWUPTshuiVtnudfR0H7qSW528rulRtOCLW01Y3e/QbBKBEL0GVKsYAAAAASUVORK5CYII=","Grenadier, purple",https://robohash.org/quiautvoluptas.bmp?size=50x50&set=set1
Lennard,Vero,lveroo@time.com,Male,213.119.4.211,6/25/2017,"data:image/png;base64,iVBORw0KGgoAAAANSUhEUgAAABAAAAAQCAYAAAAf8/9hAAAABGdBTUEAAK/INwWK6QAAABl0RVh0U29mdHdhcmUAQWRvYmUgSW1hZ2VSZWFkeXHJZTwAAAFzSURBVDjLY/j//z8DPlxYWFgAxA9ANDZ5BiIMeASlH5BswPz58+uampo2kuUCkGYgPg/EQvgsweZk5rlz5zYSoxnDAKBmprq6umONjY1vsmdeamvd9Pzc1N2vv/Zse/k0a/6jZWGT7hWGTLhrEdR7hwOrAfPmzWtob29/XlRc9qdjw8P76fMeTU2c9WBi5LQH7UB6ftS0B9MDe+7k+XfeCvRpu6Xr1XJTEMPP2TMvlkzZ8fhn9JSb+ujO9e+6ZebbcSvMu/Wmm2fzDSv3hmuGsHh+BAptkJ9Llj3e2LDu2SVcfvZqucHm0XhD163+mplLzVVtjHgGar7asO75bUKB51R9Vdih4ooqRkprXPfsXsfm558JGQDCtqWXmDAEi5Y+PjNhx4v/QL8aE2MIhkD8zAcbJ+189d+z5UYOWQZ4t9xsnLjj5f/A3ltLyDIAGDXe7Zue/89b/OiZY8UVNpINAEaNUOWqp38qVj3+DwykQEIGAABS5b0Ghvs3EQAAAABJRU5ErkJggg==",Lesser flamingo,https://robohash.org/nobisexercitationemodit.png?size=50x50&set=set1
Karlene,Juan,kjuanp@go.com,Female,36.92.180.125,12/26/2017,"data:image/png;base64,iVBORw0KGgoAAAANSUhEUgAAABAAAAAQCAYAAAAf8/9hAAAABGdBTUEAAK/INwWK6QAAABl0RVh0U29mdHdhcmUAQWRvYmUgSW1hZ2VSZWFkeXHJZTwAAADzSURBVDjLxZMxTsRAEATL6EROSsDD+A4xv+EzJCQEiA9ccjtdBF7ba9nZBWw00k63qmd2J5V7zgN3nstSvH/8rChRBKoAwYQIlbmuwNvry7QzAHh+ekTEgICRCA4mCXz9Xo8EpWgXBFS003SjRBKp20mEqhkRJenCpc7e5FY5GliZG4UkGLogq3AxbO3EoAVSkt40Ny91NhIhzaNBWqi45nTIbI+0kLQzg9agKmv+vclGpNByFqGKqkufehfaVzkMUKXqlGC+WHED6dnHddpndUJgn8F+4iP68k4G/UgQPr+va+YkWBIgtT1vE8bvN/37b/wDV/Vlq22fLE8AAAAASUVORK5CYII=",Chestnut weaver,https://robohash.org/advitaeet.jpg?size=50x50&set=set1
Hercules,Pawels,hpawelsq@samsung.com,Male,218.222.242.136,8/22/2017,"data:image/png;base64,iVBORw0KGgoAAAANSUhEUgAAABAAAAAQCAYAAAAf8/9hAAAABGdBTUEAAK/INwWK6QAAABl0RVh0U29mdHdhcmUAQWRvYmUgSW1hZ2VSZWFkeXHJZTwAAAKlSURBVDjLjZLdS5pxFMe9aAy2cLvbvzF2PYocddELUTd5464MISEIGRRGF4H0sBKpMMnZC9kqe/UlF+UL6upiDJ6BUSEisqHOXKY8s4Wy/O78flDQaC8XBw7nOd/P75zvc2QAZH8Kr9crd7vde06nU9jY2Ki5q+dfYt/W1lZpfX1dcjgcwtLSUs1/Aba3t+Uul4uJL7LZLEqlEkhcttvtwvz8/P2/Aq7Fm5ubF5lMBpSDVoAkSZibm7uy2Wye6enpe3cCPB6PnJr912ImXF5eBq2DQqHAJyGxNDU1JUxOTtbcAlyLyayLdDoNGp+NDZoIYjwNk/cIzo+fYTabqxMTEyGTyfT4BkBmyUngJ7O4mCbA4uIiCIp8Pg/z7gnUbz5AZxfxJZUBiaWxsbHnHPC7mCYAmcV3z+VyCIVCOMufQ+/4BEfkBG7/e4yOjlYEQVBwAL3mX1tbq5yenoIgWFhY4LszMcERDAaRTCZxFEvgrcvPxGUSP7sxkcR7Kysr1VQqhXg8zg1j+1MTZmdnMTIywiFOlxtDQ0NVVjMYDOc9PT2v6urqHsrIZSkajaJYLOL4+BhGoxHj4+Ng/z+RSCAcDnMYia9isViZ1fb393lPa2vraxmZ9fXg4AA7Ozvc8YGBAYiHhxgcHERbWxu6u7tBrvM6y1taWn4qlcp3DKLT6YoyuqwnMzMzFZ/PB61Wy8bjAFEU0djYiEAgwPNIJMINrq+v/97e3v6AAYaHhy+5EVartdZiseRoTA5hgN7eXigUCjQ1NaGjo4MHyxsaGiqdnZ27DKDRaAo3h0SXVUuAbyqViv1nMGPZPRAYfX196O/v5zmrra6u5smrAq14cuuUqemRXq8/o9eu1Gr1D5rmkqLc1dX1kuIF5RKr0bdSc3NzktZ5+gtxf8ZLfEnITAAAAABJRU5ErkJggg==",Chacma baboon,https://robohash.org/recusandaenostrumvoluptates.bmp?size=50x50&set=set1
Xerxes,Goodley,xgoodleyr@qq.com,Male,251.138.140.208,8/30/2017,"data:image/png;base64,iVBORw0KGgoAAAANSUhEUgAAABAAAAAQCAYAAAAf8/9hAAAABGdBTUEAAK/INwWK6QAAABl0RVh0U29mdHdhcmUAQWRvYmUgSW1hZ2VSZWFkeXHJZTwAAAJHSURBVDjLfZJPa1NREMV/972ksYmx0bbUpzS1ValpKVQohgguRLuxIBRBcKMbwS/g2l026jfQpWtTcCEFN+Kii0AoSFNpQUirlFprXmybNi/v3nHxYv6Q6oFhLsydc+aeO+rWs8UX08nYkx7bigOIAGIQEcQImCCLMRgjFEuVt+9fzt+jgdC10fjT00PnAQukdbkra0H7PhcOardpQwgBRIEECjSUxAiiTaCsWyQ9Fqc6CB5dP8P4+DCfVnYZONVDtabb66SG4ywWfjCfcQBYWVEddUtEANjYOeTVYql5/hurm3vklrZY3dwj8EjofEIDNyb7AYhGbKIRm+RgL1++7bOxc8h8xuHnb4/joIrFoqRSKQCWl5epVCpEo1Fs2z62QUSoVqu1Uqn0oVAoPA8dbb9DTrwBI5TLs6TTaUKhEEop/gXP8yKO44waYx6HRPvQcL+vr49wOIy3vo4sLCC1GlYqhT19EWKrUPsKGKzIBM7Q7MTIyMhl++Gd/rM7h87M1i8bFbvCoFKobBZrdxe7XMZaW4OPS+iMjSVV0DVU/Tth26dcG7JVu6uFQkEmNjYglwtW0hgwhr25S8SvHoAyIBrEx05k+Lw9idVlkueB1uD7zYjnivh1C0w9CF0PyNu/sUkwNobSuqmO1uynz3HSPgDjNxp9IFi4rgnCU1N4yWRrAq2JztyEiANiAAO9w6iBue4JXNelrjXRbBY5OkI8DxWPE2zE3dbyKIXnebiu20mQz+cfGGNeJxKJmGVZ/A+u65LP5+//AbkTRxnEop0TAAAAAElFTkSuQmCC",Groundhog,https://robohash.org/idaliquidqui.png?size=50x50&set=set1
Stanly,Sprulls,ssprullss@wikimedia.org,Male,7.2.47.220,11/18/2017,"data:image/png;base64,iVBORw0KGgoAAAANSUhEUgAAABAAAAAQCAYAAAAf8/9hAAAABGdBTUEAAK/INwWK6QAAABl0RVh0U29mdHdhcmUAQWRvYmUgSW1hZ2VSZWFkeXHJZTwAAAJRSURBVDjL3VNNaJIBGBaCDnXqVlEQO0ixrE1a26G2uYU0tyVaA2lsHtS5HzuYhTkl0CHZmpT/0coO0UVS6AdrkCPFkC0am+ambea2GjOYuubmN9vG0/eNLl1s0K0XHnh53h8eXp6XBoD2L6D9Jwuqq6v3dnd3X9fr9Rmn0wmNRjMnk8kqSewn8wTFUTWqh+r9YwGTydzd1NTUbzKZkEqlkEgk4Pf7odVqv6jV6kA8Hl+nuGAwCNfgVcSeCjD9XI/xR2xM2ErbaeXl5RcUCsVyNBrNCAQCb2Nj46ZEIoHZbIZKpQKVU5xVWzu+OKzEcvgVkFtANvwMoYHzKUpBv06nIywWi5TL5e6pqanJ+Xw+jI2NIRAIwO12Q9lZQWSiNwuFry+w+O4O8hEPNmeDiDzuIGgMBqNLKpVm7Xb7NT6fP8RisX6y2WzweLxtKDrOIB3RYCsfRD4hQ3r0CqaeiBAebFsaNfPotGNkNDc3TxmNxqzL5Up7PB44HA7I5XLYDEJkIipsESGszQhBzLdiZbIXM47apY/Gc2XbR6TT6btI2WUcDicpFotXe3p6CBKFu3KmdfGD8vdwO4i5y/jxSY1pa91qxFBxuqgPvH0HLk6+URS28gEQSRHW59uwTCqZttXnYwNVR4oa6WHXYVHU24uJ1/fwbaQFa8lWpMdv4LOV9T1mrCr5qxNdt+uBlVnEHlzCcO9BvL/fAL/u1ELYUHl8R1buk5RuFEJWFEZMGNGz4BIfyg2pTpzc8S+0nN1H3BIe3fAZGjbeGuv8L5WMkmK/8AtkdLda3u0iOQAAAABJRU5ErkJggg==","Tarantula, salmon pink bird eater",https://robohash.org/deseruntillumenim.bmp?size=50x50&set=set1
Adelheid,Allward,aallwardt@pinterest.com,Female,173.166.14.131,8/13/2017,"data:image/png;base64,iVBORw0KGgoAAAANSUhEUgAAABAAAAAQCAYAAAAf8/9hAAAABGdBTUEAAK/INwWK6QAAABl0RVh0U29mdHdhcmUAQWRvYmUgSW1hZ2VSZWFkeXHJZTwAAAHlSURBVBgZpcE7a1RRFIbh95yZXEaSSLwWFkFEkICKhWhhIV7AxlKsbSz9DQpa+gfsbERQsUhnEYOFFiJoYSrBO6IBY5I5c2bvtfb6jCIIYjfPU0liFDUjqhlR99r9FfEfHoFZkNwxg9ZFm5xkTptFY0HbOl02Hdvf4y/hIUoRHsKLMBcWgZkwD6wE2YNbi1/p8sf6wCkBHsJLkIswD8xF9iB5IZtIHmQLtk11aftOl03nDk/x6NUGpw9OsTYo3H26yoXjs/TGK8Qmwav3A5aW17h0cjfJg9tL34jWqJM7gxTMTnWIgImxmjYXeuMVNxe+UAFX731kbuc483t67Nk+zt5dk7QWROPUTXKevWk4um8LD5+vMjlWcfnMTrqdin4qCGhSIQJOHJjhl41hIVlBTaHut+LU/DSPX69z9tAMgxTcePCZZKIZFiRohoWQePmuz4eVhARDE5Ey9VqbsSKeLK/TqSsk6CdHEk0qIGhyIQQ3Fz7xY+Bs7XW4fnEOJVGdvr6s80dm+fQ9kS1IHiQT2YPkQfbAPDAXVgIrwkPM7Zhg8c5buusbTpsL05Md8ljFpFXYhHCvMK+xEFZEKYEHlAgkkPit2nflhYatIxORAmVHFigVyIFKIAvkggj+VUliFDUj+gngimmFTeOsxAAAAABJRU5ErkJggg==","Dolphin, striped",https://robohash.org/laboreeligendiveritatis.bmp?size=50x50&set=set1
Sigfried,Duckham,sduckhamu@netscape.com,Male,92.47.47.59,6/4/2017,"data:image/png;base64,iVBORw0KGgoAAAANSUhEUgAAABAAAAAQCAYAAAAf8/9hAAAABGdBTUEAAK/INwWK6QAAABl0RVh0U29mdHdhcmUAQWRvYmUgSW1hZ2VSZWFkeXHJZTwAAAJcSURBVDjLpZPvS1NRGMfvv9Db6FUvIpDqLwj6AZER1EhBkvTFTALNlWJrkwKRoWKGjZltaUmuYmsIq7SEtrSt1qakzh/TtunSdq9j8253u3fL1vh27t2KNAqsAx+ecw7n+z0PzzkPBYD6HyjZZVNNpzXINz0OQP2IYPwI1YMFXOmfQ+O9WTT0eVFvmMQl/Qcobo+jVueG2uDkRZ1koLEEc9qRNWwXRddYTjIQb/4XqjtGIRmojX6k0+ltI2+15Q1UA4sQBAG8BA+e56W5w+H4jQmbDgsPy+C3ajDVdwzT3UUVlFiwZDKJshbvT1JkLQp+HQJtBWNXIuF9DqTCiHstcN04vkaJ1U5wHLgEgUsUIrfJQKCHwM43Y2P1KZjRDqRnBvEt5MTM/eoMJT4Vy8YRj8elKBFnSWTJHovoEhHPXkMu7UQ6WIt1z0X4BuRw6+XwaGV7qIbeacRiMUQLiPNYNCZl4LF1g51RIZdxQQhUIrNSjuS8GqH+06i73psvoqJnApFIZFMNxPXrwXYw48qCuAKZT2fBzTZhyXASjM+JkkZL3qBO5wHDMIS1QmTge2fE/MtGkvYbZJbl+LJyDgmSSUB/Al85WjpzpsGcN6jVvkc4TBPCoAnuoR7MDasx/aILn92lEJbLsT51Ff67p7C6OAmaFs/RkNWb8KMXTBduOqSfVdVmh7n9KJAMYcFQArt6J97eKcZw8yHUqPQk7SfkZhOIRsQkGWztrpbzRdkNlw4b7ltwaw7DXLUrNaLaf+CP3bh1o/Tgjkxr5d6sra04+6rzyNgz5b7df2vn7z39IYTVO0xbAAAAAElFTkSuQmCC","Starling, greater blue-eared",https://robohash.org/autfugitdeleniti.png?size=50x50&set=set1
Shandy,Godwin,sgodwinv@vimeo.com,Female,109.129.119.155,6/25/2017,"data:image/png;base64,iVBORw0KGgoAAAANSUhEUgAAABAAAAAQCAYAAAAf8/9hAAAABGdBTUEAAK/INwWK6QAAABl0RVh0U29mdHdhcmUAQWRvYmUgSW1hZ2VSZWFkeXHJZTwAAABzSURBVDjLY/j//z9Dzqzj0UB8E8puA+KnBNgVQNwEYoM4WSRqBrEfQdmeIOIhiZph7BYg3sZApmY4myLNIFcwUKAZzB5wL7SNeoFKXiinIDlXgohUpLRNiuZakOUwL3gB8TEcGh5D2TVAfAnKLgbiDhAbAJ0nqHy8Qq7oAAAAAElFTkSuQmCC",Western patch-nosed snake,https://robohash.org/aliquametsunt.bmp?size=50x50&set=set1
Sig,Sarfati,ssarfatiw@histats.com,Male,106.115.19.17,2/24/2017,"data:image/png;base64,iVBORw0KGgoAAAANSUhEUgAAABAAAAAQCAYAAAAf8/9hAAAABGdBTUEAAK/INwWK6QAAABl0RVh0U29mdHdhcmUAQWRvYmUgSW1hZ2VSZWFkeXHJZTwAAAJwSURBVDjLjZPdT1JhHMetvyO3/gfLKy+68bLV2qIAq7UyG6IrdRPL5hs2U5FR0MJIAqZlh7BVViI1kkyyiPkCyUtztQYTYbwJE8W+Pc8pjofK1dk+OxfP+X3O83srAVBCIc8eQhmh/B/sJezm4niCsvX19cTm5uZWPp/H3yDnUKvVKr6ELyinwWtra8hkMhzJZBLxeBwrKyusJBwOQ6PRcJJC8K4DJ/dXM04DOswNqNOLybsRo9N6LCy7kUgkEIlEWEE2mwX9iVar/Smhglqd8IREKwya3qhg809gPLgI/XsrOp/IcXVMhqnFSayurv6RElsT6ZCoov5u1fzUVwvcKRdefVuEKRCA3OFHv2MOxtlBdFuaMf/ZhWg0yt4kFAoVCZS3Hd1gkpOwRt9h0LOES3YvamzPcdF7A6rlPrSbpbhP0kmlUmw9YrHYtoDku2T6pEZ/2ICXEQ8kTz+g2TkNceAKKv2nIHachn6qBx1MI5t/Op1mRXzBd31AiRafBp1vZyEcceGCzQ6p24yjEzocGT6LUacS0iExcrkcK6Fsp6AXLRnmFOjyPMIZixPHmAAOGxZQec2OQyo7zpm6cNN6GZ2kK1RAofPAr8GA4oUMrdNNkIw/wPFhDwSjX3Dwlg0CQy96HreiTlcFZsaAjY0NNvh3QUXtHeHcoKMNA7NjqLd8xHmzDzXDRvRO1KHtngTyhzL4SHeooAAnKMxBtUYQbGWa0Dc+AsWzSVy3qkjeItLCFsz4XoNMaRFFAm4SyTXbmQa2YHQSGacR/pAXO+zGFif4JdlHCpShBzstEz+YfJtmt5cnKKWS/1jnAnT1S38AGTynUFUTzJcAAAAASUVORK5CYII=",Black-collared barbet,https://robohash.org/doloresatqueullam.bmp?size=50x50&set=set1
Mikol,Macrae,mmacraex@mapy.cz,Male,185.35.134.28,1/1/2018,"data:image/png;base64,iVBORw0KGgoAAAANSUhEUgAAABAAAAAQCAYAAAAf8/9hAAAABGdBTUEAAK/INwWK6QAAABl0RVh0U29mdHdhcmUAQWRvYmUgSW1hZ2VSZWFkeXHJZTwAAAIdSURBVDjLpZNPSFRxEMc/b9/P9b9uu5qWVG6soERCIringi6J5wKhTl2CvFQnQQi9dO3QoUudOkSHLkUQniL/ENWyrSRbUqC9dc1dXUXxubvvzft1sF1d6iA4MMwMzHznO8OMobXmKOLjiHJkALWysjIKXAXwPA+tNZ7nVaiI/GP/6jMjnU67LS0tJsDBfZT8/9mSn0gkRGmtzaqqKh7GhKK9zcb392hnB19rD8fD5xlq+EEkEmF0chM7X8TeLWLnHV7cjCAipjrYte/bI9z0J5Ysi8WsjR6bA8BxHCYu1eJ51eWxAEQEVQoAnLYLXOzt4LJfMfP5KwnTLCdOTU1VLG9wcHAPQET2il2Pj5mTKLVBQ1MTseIAuVweGvYAotFouXuJdQWDTWuB1vBZXqo+cr+K1AT9tO8slxPjTybwxV8jqxYSCNJ17S7S3LvPoKN+i/n1AF4wwLE2P/mtPI1eFqgl+/YprWsxum6MUB0+x+7cJMmZ5xhtSxjJZFJ3d3dXzGfbNoVCoUx5/k6Ugesj1P58B8vT0BxgTZ0h9mFhn4FlWWQyGUKhEJ2dndTV1ZUBZdWipj0MQ/f2L3D8BGpzHSUiyXg83iMi9Pf3G7OzszqVSlVeX3MQ+8sb6l/dprD7GxvY3jJxGwOucZhvnB7uGPc31o+dCrlK+VJsZ10WV01x8vq+cdh3nhk+PbqTS98yxTgjpl7W8PjKpPvgD7bjUD5Jjh8/AAAAAElFTkSuQmCC",Eastern box turtle,https://robohash.org/etvoluptatedicta.jpg?size=50x50&set=set1
Janaye,Corrett,jcorretty@deliciousdays.com,Female,225.211.212.185,10/16/2017,"data:image/png;base64,iVBORw0KGgoAAAANSUhEUgAAABAAAAAQCAYAAAAf8/9hAAAABGdBTUEAAK/INwWK6QAAABl0RVh0U29mdHdhcmUAQWRvYmUgSW1hZ2VSZWFkeXHJZTwAAAHjSURBVDjLdZO/alVBEMZ/5+TemxAbFUUskqAoSOJNp4KC4AsoPoGFIHY+gA+jiJXaKIiChbETtBYLUbSMRf6Aydndmfks9kRjvHdhGVh2fvN9uzONJK7fe7Ai6algA3FZCAmQqEF/dnihpK1v7x7dPw0woF64Izg3Xl5s1n9uIe0lQYUFCtjc+sVuEqHBKfpVAXB1vLzQXFtdYPHkGFUCoahVo1Y/fnie+bkBV27c5R8A0pHxyhKvPn5hY2MHRQAQeyokFGJze4cuZfav3gLNYDTg7Pklzpw4ijtIQYRwFx6BhdjtCk+erU0CCPfg+/o2o3ZI13WUlLGo58YMg+GIY4dmCWkCAAgPzAspJW5ePFPlV3VI4uHbz5S5IQfy/yooHngxzFser30iFcNcuAVGw3A0Ilt91IkAsyCXQg5QO0szHEIrogkiguwN2acCoJhjnZGKYx4Ujz5WOA2YD1BMU+BBSYVUvNpxkXuIuWgbsOxTHrG3UHIFWIhsgXtQQpTizNBS5jXZQkhkcywZqQQlAjdRwiml7wU5xWLaL1AvZa8WIjALzIRZ7YVWDW5CiIj48Z8F2pYLl1ZR0+AuzEX0UX035mxIkLq0dhDw5vXL97fr5O3rfwQHJhPx4uuH57f2AL8BfPrVlrs6xwsAAAAASUVORK5CYII=","Gazer, sun",https://robohash.org/omnisdeseruntautem.png?size=50x50&set=set1
Jennee,Widdall,jwiddallz@ibm.com,Female,229.187.165.9,7/26/2017,"data:image/png;base64,iVBORw0KGgoAAAANSUhEUgAAABAAAAAQCAYAAAAf8/9hAAAABGdBTUEAAK/INwWK6QAAABl0RVh0U29mdHdhcmUAQWRvYmUgSW1hZ2VSZWFkeXHJZTwAAAJ3SURBVDjLnZNPaNJhGMd/ohkRQd0i6DCoY4fOdYjWOgQ777LLSGIRLQn/zJC5GnPQECK97FDbwUFbw2EQ/lke/MM2bYFNpzDTcIrYYjmdP3X++/Y+L/zGqA6xBx5+8PJ+v9/P8/D+BADCSTsQCPSeSLi2tqb0+XxGp9NZ/OeFRCJxLh6Pm6PR6EY4HHaypJvHUq+7WC0tLYlzc3N/i7e2ts4w8UYul8PBwQGKxSIikQjcbrdnZWXlFUvNbG9vIxQKwWKxzP+ZrIzFYqvZbBZU3W4XUiWTSSwuLoqMAFardW9qamrEaDSelYQyduHB5uZmLpPJoNVqodPpcAPq/f19iKKIQqEAm80Gs9k8qNPplKQlZBlrx87ODkcmAWHT5WazCaJJpVKoVqvc1Ov1YnJyUitRC2xR4xKyhE0E6XQajAz5fB71ep03GdL8JpPJdWSwvr4eIkQJl1La7TZqtRqfm5ZJ+ERHxiwQBoPBd2Tg9/t3Dw8Pj4SU0mg0eCIZk4C+WYcV/sEr+HRbAdfd0z88ffJRbhBcXt6lNHKXhFJiuVzmhl/fTiCquYH6Rwu6CTfEd0/x+dG1trdX8ViIzMwEaAeUflxIqdLMH+6db9SYGK/7Af0FwNyDny9vwXNHnhFSet2sOD2NZjDIBZVKhTeNRUZ2u52wu90vDhyvkukiPxeyKpXi25OR1drEC740Si6VSmBvAgsLC9Bqtc/ZvLnqm/sAEzV0An6xzg7Lwc7zfJOZoSFF7OHwrFOvD8xrNXtjY2MFtun3Go1mUK1Wy4IDl8bDqqutgr4Hu4ZTSKtk8PUr2u4++bP//gNDA5dHWeJ3wiYiEtP5byK4FJQG5P/0AAAAAElFTkSuQmCC",Black bear,https://robohash.org/voluptasquibusdamiste.jpg?size=50x50&set=set1
Stace,McDuffy,smcduffy10@sourceforge.net,Female,216.227.29.208,2/13/2017,"data:image/png;base64,iVBORw0KGgoAAAANSUhEUgAAABAAAAAQCAYAAAAf8/9hAAAABGdBTUEAAK/INwWK6QAAABl0RVh0U29mdHdhcmUAQWRvYmUgSW1hZ2VSZWFkeXHJZTwAAAK9SURBVDjLbZJPaFxlFMV/93vfmz/NjElpp5rEyUggVijWP9BKVYQacSVIdeWqUBXRjYILaXetRFC7caHFhXYjBsyiuIiIirXQja0UQcSWmjaZxMFk7CSZyfx77/vedZFpSEgu3Ls4HC73nHtEVdmpvvixctSG9udAhCh2r554bvDLHYmquq0/nJqZmLq8qLOLHa3Uujp99T/9aOrW5E7cbcCZr2/+8t3VJa23E+061dipduJEL/9Z09Nf3bx99kJ5aDNf7kr4dHr+USPy6xP7B1IPDveBCI2OB6A/a7AG5qodfvp9mZWWe+nkyyMXgPUFn3xbfndPf+rs33NzqCo+Ubz3OOeJnSN2HkGJnCNJlPEnD3N9oX3u9Cult+y56QU/Npwzj4/189fMLU48O8i+QgERiwJxIiTrbuFdxKnPL/HCoQJ786tvTnxTfsPG7bX58UeGSt1YiWNHYW+B6sefkclkNoyWwOJsQOa146Ag6mm31rh47UrZLtXdSOQSJiZv4LzDGIvk8gw9fBBSAdgArKFy5RpJAsvdAd47f523XxwhXyiWTLPrJR0annqsyEq9QQKkQwv9fZBNQ2hBTE+Esss2ObC/yJ6BNICYVscBMHpfjmPPH+X98xc3pUQ2NUz+8AfjzxxhdDiH9PJnm71X2QBGh3Kknz7MB5eyBL+tbgmcY4zjhw7S9uEW3Dbb6xeIgIsdUay8fuwINtxKdHHMjYU6g4V7sKHdONC0uh4FosixWGtQvDdPKhVui7wNQx4YzFNbaZA4hyqggm11nfpEZelOg2IhTzYTgoIC/q4DCgmK3ZXC7stTqdZpD2RBE7XN2j+z3ciVHro/K7msETEe05MkIlusXB+W0u58MvtvI6pXFyo2WqvOjb/z/e50vq/PpgOxNsAEQmDAGMHY3gLZkK3eRVF7dflOdWa+/D+ThmoKzy7qoQAAAABJRU5ErkJggg==",Australian brush turkey,https://robohash.org/iduteius.png?size=50x50&set=set1
Darin,Arghent,darghent11@weebly.com,Male,179.125.109.65,3/19/2017,"data:image/png;base64,iVBORw0KGgoAAAANSUhEUgAAABAAAAAQCAYAAAAf8/9hAAAABGdBTUEAAK/INwWK6QAAABl0RVh0U29mdHdhcmUAQWRvYmUgSW1hZ2VSZWFkeXHJZTwAAAHoSURBVDjLpVM9awJBEB2DKIoocoI2goXVgVhoYam9bep0XqX+DU1pZ6EhpZ2FYGsnot2BqJUgaiGCd/j9tZlZvc2ZjyZZGPZmb+bNe49dC2MM/rOsXw9Go1EcQdMYSYwIDbheryruLdwb0Wi0Z663mBlgs4J5TpIk2el0gt1u5+f7/R7W6zXMZrM+gpRisVhZNBEAxXA4VAaDgYbFjBbtuq4zTdPYbrfjZ5vNhnU6Ha3dbitGH2dwp/0eCoVkmrparQSweYjP54PtdgvdbpeYvKRSqd4TFWCSJtpGc6FQgEqlKpqLxVeoVt8AGQFJCwaDMrJJCxPJMPpBWhEMboPZ/ZvxbwMMG8Hr9VJtks4MBhGafjgcHigbAIRhnBGAy+WC8/kcEQBmrdR0+3402VxzPB7hdDqBmYFK5thstjsAExI+81szSV0ulwSgCoDL5dIigxwOBy+SJN+DBHLfYEE10+mUJLSEiai9MR6Pn1Gb7Pf7QVEy4p7QBcpkbrnb7Yb5fA6qqvYxbQgGiUSih66W8JLoRM/j8YDVauWm0k5BzXgTodls6uhBCUF7365yvV5XUFsuHA7LgUCAA6E8WCwWMJlM+GTMS/l8vvzjW6BVq9XiSDuNQPwxoVZuMkYLmTSy2ezvj+kv6wM24KX3CYk6PAAAAABJRU5ErkJggg==",Defassa waterbuck,https://robohash.org/nequeducimusminus.jpg?size=50x50&set=set1
Kiel,Rizzini,krizzini12@amazonaws.com,Male,96.72.131.170,11/20/2017,"data:image/png;base64,iVBORw0KGgoAAAANSUhEUgAAABAAAAAQCAYAAAAf8/9hAAAABGdBTUEAAK/INwWK6QAAABl0RVh0U29mdHdhcmUAQWRvYmUgSW1hZ2VSZWFkeXHJZTwAAAHcSURBVDjLhZPbahpRFIbnJXLb4lsIQx+sF6G0kMsmpZQ8hEeUGWcUTbQqnlDUUTwgIkaj4kUI0j3ozObvXjs4jXjoxbpZe//f/689a5Rut4tOp4N2u41Wq4Vms4lGo4F6vY5arXYFQLlUimVZ4Jwf1Ww2k5ByuXwRopAzCabTqXSeTCYehHoiBQqFwlmIQpHpMrlRo1qt1jebDRzHkX0ClkolZLPZkxCFXPcXhXgrIk9t24bz8gyna8qz8XiMfD6PTCZzBFHIeR/ZdV2QmL+u4Bpf4cY/C4ghz0ajEaVAMpk8gChiRrZer+Wl3W4nnd3EF/CH7+C5n+ACtIcMh0NKAV3XPYhSqVQ+iRnZarV6gzw1pTN/vAPP3x9BBoMBpUAsFpMQSSkWi6qYkS2XyzfI3IKjixSPP/5BRCrH0uR5r9ejFIhEIlfeLLlcThUzssVicQz5/Qs8eYM/+g2468gUhmEgFAp9PHhRMZ+aTqfZfD73IDvtGtz8Bjtzhy3bvBf7vBHeVyqVUk3TZLSJEjJrw3m4Bd/anjgYDPq8Rzy1HIlEQtU0jdEm7j8xiUX/QHwWQBWPx/3ipRktWL/fPym+CKCKRqP+cDjMSBwIBHwnV/l/v6tw9Qvxh3PnfwF+wjbwD++YrQAAAABJRU5ErkJggg==",Mexican beaded lizard,https://robohash.org/eositaquerecusandae.jpg?size=50x50&set=set1
Elvina,Dwane,edwane13@de.vu,Female,138.85.115.166,8/8/2017,"data:image/png;base64,iVBORw0KGgoAAAANSUhEUgAAABAAAAAQCAYAAAAf8/9hAAAABGdBTUEAAK/INwWK6QAAABl0RVh0U29mdHdhcmUAQWRvYmUgSW1hZ2VSZWFkeXHJZTwAAAIxSURBVDjLpdNdSFNhGAdwKSNyg6ALC8GLoE8so49VRHVRFFQISlJeREXQBxWSSZDUpNrOTDoxSGvhmokV1TazLeekTBda9rVKmW5lYq6slgutOI7j1vn3vKc4rCAv3MXDgfPy/73Pc3hOEoCkROq/B6v2GdIWHLnhmK1v7ZtZ3PIuo9DmOr17iaUkLx1Ud6g2jgqo+JCU4x7Bs5AEe4+EhbYYMsv9iEYGcU+/VEZkYNkew7iJnHBrgl4YSeYEJJcIGF8qoKw9Bv8g8GkY8IaBthDgqatCsNGAq4czGbBLBhbv5VWT+EiL2Q9cfg2YA0DDe+AxBeqDQPvX3+/PdwKmfA0+PDDCuGM6A9JkYP5Byyy1SexgQM5dIJvqpJdCb4DWz8BDKguhhzxDor1Ig+7afBaG8hFnFDiyp1ZFgxa6JbcR2NoEnCLg2ltqfQBwUzcVhJc1+4c8/Br0urV/A9OKvJyxQ/qmfQ5so/D2ZoB7CVh7gN4fwP1+wEWjGK/XoKt6C9rOrWeATwHUugEn3RBjrW9oAI4TdJPCno80RlfsZ27d9+Eslxitcdpk4HbxCgboFEB1JvKk3CfhSjdQTXM7+yRorCLUZ8PSposvvMZX0bydtf2Vi9JT4avcjIr9GQxYrQBzC2zmVG2nkGIISyncF2mKLiDOKbQ+it8JCqy9dGCe3EH8/KMu0j9AqePEyoSAwFNTVkKAHG7i1ykrPCbAfmw5A46OBbjw5y9kz8nxZ78A90vOcDVd+i0AAAAASUVORK5CYII=","Cormorant, javanese",https://robohash.org/idadipiscisunt.bmp?size=50x50&set=set1
Justin,Vina,jvina14@github.io,Male,142.72.187.174,9/18/2017,"data:image/png;base64,iVBORw0KGgoAAAANSUhEUgAAABAAAAAQCAQAAAC1+jfqAAAABGdBTUEAAK/INwWK6QAAABl0RVh0U29mdHdhcmUAQWRvYmUgSW1hZ2VSZWFkeXHJZTwAAAD0SURBVCjPfdExSwJxHMbx/yTc1NrUy+h1+AZ6GUJBaYdiKVwopjmYOASiINJgEVFwUFHo4BIiDtql/SPU5BDUQb8Nomh3J8/we4bP8MBPIOYpexdtPcvyyrO6ETxR5zGwAeiMeOfmxBE8MOKXKsWwA7hjSJceZbJhW1DC5BvJDy+kNRtwzYA2BgYSnUTEAgr0+aBJC0mbe85i/0AOkw4Gn8SH0Yo2CRGMrYEralyOq/SJzrRtBEJVvMoKyJCSyd3zZh2dUMZmZOotuYOIuAuYBKbqlgVcKPN7KhvccnRsAYv49/I0ODA9Lgfgcx1+7Vc8y8/+AURAMO9/VDEvAAAAAElFTkSuQmCC","Peacock, blue",https://robohash.org/laborumquiassumenda.png?size=50x50&set=set1
Noam,McNeish,nmcneish15@51.la,Male,32.68.187.250,8/10/2017,"data:image/png;base64,iVBORw0KGgoAAAANSUhEUgAAABAAAAAQCAYAAAAf8/9hAAAABGdBTUEAAK/INwWK6QAAABl0RVh0U29mdHdhcmUAQWRvYmUgSW1hZ2VSZWFkeXHJZTwAAAH0SURBVDjLlZPLbxJRGMX5X/xbjBpjjCtXLl2L0YWkaZrhNQwdIA4FZxygC22wltYYSltG1HGGl8nopCMPX9AUKQjacdW4GNPTOywak7ZAF/eRe/M73/nOzXUAcEwaqVTKmUgkGqIoWoIgWP/fTYSTyaSTgAfdbhemaSIej+NcAgRudDod9Pt95PN5RKPR8wnwPG/Z1XVdB8dxin0WDofBsiyCwaA1UYBY/tdqtVAqlRCJRN6FQiE1k8mg2WyCpunxArFY7DKxfFir1VCtVlEoFCBJEhRFQbFYhM/na5wKzq/+4ALprzqxbFUqFWiaBnstl8tQVRWyLMPr9R643W7nCZhZ3uUS+T74jR7Y5c8wDAO5XA4MwxzalklVy+PxNCiKcp4IkbbhzR4K+h9IH02wax3MiAYCgcBfv99/4TS3xxtfepcTCPyKgGl5gCevfyJb/Q3q6Q5uMcb7s3IaTZ6lHY5f70H6YGLp7QDx9T0kSRtr5V9wLbZxw1N/fqbAHIEXsj1saQR+M8BCdg8icbJaHOJBqo3r1KfMuJdyuBZb2NT2R5a5l108JuFl1CHuJ9q4NjceHgncefSN9LoPcYskT9pYIfA9Al+Z3X4xzUdz3H74RbODWlGGeCYPcVf4jksz08HHId6k63USFK7ObuOia3rYHkdyavlR+267GwAAAABJRU5ErkJggg==","Heron, green",https://robohash.org/eligendiporrout.jpg?size=50x50&set=set1
Erv,O'Carroll,eocarroll16@ucoz.ru,Male,175.115.15.224,6/4/2017,"data:image/png;base64,iVBORw0KGgoAAAANSUhEUgAAABAAAAAQCAYAAAAf8/9hAAAABGdBTUEAAK/INwWK6QAAABl0RVh0U29mdHdhcmUAQWRvYmUgSW1hZ2VSZWFkeXHJZTwAAAKNSURBVDjLlZJfSFNxFMf3FD1kT/VSTz2l1EtE14h6SbB6Ch9CqCgYbI3F2Kabf3A6F/vncOxuNre5Ob3MK7U5mgtDZQ9uOpdzhehAmbAUfetJGIRs+e33u5C0nEQPhwvnnu/5nt/nHBEAUa1Q8vfwOtSIZ/4GtHiu/DytTnTaD0WosRz7Ooz3WRaPnJf/v8Er7iaiX96C/2xHk+MifudDoRCCwSBGRkbgdrufi9LpNGgsLi5iYWEBav4+5Nxd6D48wbtVFsG0FS/G7uCW+Tyu9dcJteVyGfv7+2BZNi9aWlpCpVLB4eGhEJKxGzB8fIrwqhNsQgPTJzmGk/14yTXhuv5C5eDgAFtbW3A4HN9sNptclEqlhMTe3h4ymQx2d3fR6q2HJvIYXMYGT+oNxKFmMlUrpqamkM/nEYlEMDAw0HTMIJFIYHl5GTMzM0wymUQ0GmUesJcg45sh5R+iQV+XpmKXy8XwPC+832g01h83mJ2dxfr6usCgWCxifn4ehe0CGMtZtLhvHztPTExgbW2NuqOvr+9c1RZisRhKpRLm5uZASDPxeJw6MXRcAouhYovFwgQCASrGiTWSQl02m0WhUAAVb25uIhwOY2NjgzYUnP1+P3K5HLq6uo5q3gHHcRgdHYXX68XQ0BAlDUIaJpMJBoMBer0e09PT0Gg0R/88pFrR2dl5pr29HUql8ntVg/Hx8atkPJ/H46GkYbfbYbVaKWnBtaenBx0dHWhraxPeLpfLS1UNCCwd/TqdTtXg4OAOEav+dler1SqFQrFDxCqpVPqjqgG5aR0hLaxrZWUFk5OTAunu7m5otVoQMXw+n3DGpBZisXi7JgOz2SzA6u3tPTGBTCZTSSQSKsaf+V/YTMmdVR+nAQAAAABJRU5ErkJggg==","Pelican, great white",https://robohash.org/etplaceatnostrum.png?size=50x50&set=set1
Riannon,Balf,rbalf17@mapy.cz,Female,164.4.70.24,7/19/2017,"data:image/png;base64,iVBORw0KGgoAAAANSUhEUgAAABAAAAAQCAYAAAAf8/9hAAAABGdBTUEAAK/INwWK6QAAABl0RVh0U29mdHdhcmUAQWRvYmUgSW1hZ2VSZWFkeXHJZTwAAAIJSURBVDjLjZNPSNNhGMc/7+/3Ww5LmRaho0AdQgWpbRUqHmohVIdBp6Cbp7DWpQi8VyRBt+jQpdNuHYLAWEEiORl0CCsbIlGH5YKFbXPE/rzv+3QYipIOH3h5eB94Pu/3ff4gIuzl5EZGZKe4wx7t1cTEjnElIpuXTCYjxhi01mx4rTX5fJ5UKkUwGCQUChGLxdRGjreVVq/X6evrA2ArWESIRqOICMlkcpuCbQCtNQCzy42fGQFjwYrFGLh4QlOtVncH1Go1RIRw158dCwmBvQHS2Q6sWLRtKNAGrBWuDGkqlUpzAMCZ7t+7tLOjuYJqtYqIMPejEyOCtmBNoxZihaun680VFE0BEWHsaP6/1z98m2P6xTyl1gLXHpwvFcprj2YeLt7fBNxNT/bsC/i5JJex1pJIJHAcB6UU6y05Wnv+cm7sLEc6+5ldetmW/vL+3nA8GNicRGttr+NzyRQ/IyJ4nkc4HCYSiZDTKwwdG8Q4hsHucYyqM3xyFOCmA3A7db0do94d9B3ibfY11lo8z8PzPBzHYa2cx6cOEDt+C4A7F54ROjwA4PcAjDaTRltZKS+r/bV2ktkZrM/iui5KKQqlNZZWF1hcnWdq/DnTbybwuy0AFSUixONxabZIP/mK25tjdGCM/q5TrPz6yMKnebLfi4+3LVMzG44Hp4EbQBuwDjxNP1md+gdPcFmX7csAmAAAAABJRU5ErkJggg==",Marabou stork,https://robohash.org/dictanostrumiure.jpg?size=50x50&set=set1
Carleton,Eccleshall,ceccleshall18@economist.com,Male,194.217.227.192,3/21/2017,"data:image/png;base64,iVBORw0KGgoAAAANSUhEUgAAABAAAAAQCAYAAAAf8/9hAAAABGdBTUEAAK/INwWK6QAAABl0RVh0U29mdHdhcmUAQWRvYmUgSW1hZ2VSZWFkeXHJZTwAAAIJSURBVDjLjZNPSNNhGMc/7+/3Ww5LmRaho0AdQgWpbRUqHmohVIdBp6Cbp7DWpQi8VyRBt+jQpdNuHYLAWEEiORl0CCsbIlGH5YKFbXPE/rzv+3QYipIOH3h5eB94Pu/3ff4gIuzl5EZGZKe4wx7t1cTEjnElIpuXTCYjxhi01mx4rTX5fJ5UKkUwGCQUChGLxdRGjreVVq/X6evrA2ArWESIRqOICMlkcpuCbQCtNQCzy42fGQFjwYrFGLh4QlOtVncH1Go1RIRw158dCwmBvQHS2Q6sWLRtKNAGrBWuDGkqlUpzAMCZ7t+7tLOjuYJqtYqIMPejEyOCtmBNoxZihaun680VFE0BEWHsaP6/1z98m2P6xTyl1gLXHpwvFcprj2YeLt7fBNxNT/bsC/i5JJex1pJIJHAcB6UU6y05Wnv+cm7sLEc6+5ldetmW/vL+3nA8GNicRGttr+NzyRQ/IyJ4nkc4HCYSiZDTKwwdG8Q4hsHucYyqM3xyFOCmA3A7db0do94d9B3ibfY11lo8z8PzPBzHYa2cx6cOEDt+C4A7F54ROjwA4PcAjDaTRltZKS+r/bV2ktkZrM/iui5KKQqlNZZWF1hcnWdq/DnTbybwuy0AFSUixONxabZIP/mK25tjdGCM/q5TrPz6yMKnebLfi4+3LVMzG44Hp4EbQBuwDjxNP1md+gdPcFmX7csAmAAAAABJRU5ErkJggg==",Common ringtail,https://robohash.org/sitcommodiquis.jpg?size=50x50&set=set1
Lucius,Swetenham,lswetenham19@printfriendly.com,Male,163.90.64.228,2/14/2017,"data:image/png;base64,iVBORw0KGgoAAAANSUhEUgAAABAAAAAQCAYAAAAf8/9hAAAABGdBTUEAAK/INwWK6QAAABl0RVh0U29mdHdhcmUAQWRvYmUgSW1hZ2VSZWFkeXHJZTwAAAJTSURBVDjLjdNNSJRBGMDx//vu6mp+pKaii4mupCQUIVgKgWH0TXaumySFp8Cog9coooN000t0EssIokgzoQiyLEiQlHU1ykDxsOqquKvvuzPzdBAXFzdwYBjmYeb3PDPDICLspS80NkqquM0e25vW1pRxS0QSk2AwKFprlFJsj0opwuEwIyMj+P1+qqqqaGlpsbb3eHdq8XicQCAAwE5YRGhubkZEGBoaSqogCVBKAfAxtHUyLaANGDFoDedrFY7j/B9wXRcRoa4kkvIiIW9vwOhcPkYMymxVoDQYozlr93A8a4yZ7sfXD7VPPEkJANSXLu7Krn+/IjNrgdrLt1n82vVo7EH1fF3n9LskwHEcRIRPswVoEZQBo6Fk9TUNRePsrzlD9O8gaTk1BXnlzsvBW4G2JGBVryAinDwYTspuTX0j78gldGySjMIyNvUcpU3H9qlopDsB3Bltr0jPy+CCXMQYQ29vL7ZtY1kWR7OXKamdxfYsYtlR0nMXYTPG+oLjSQDGmEo7zUNw9SfF4sfr9XLicCFl8hkrTWPUJLZZATsHibtMPQttTobWbngBOkZu5lrG+nAgs5DhuUGuFrdSmTmHP/qD8qZziPseSy8zPrCGtbGEaKW/hOOdHX1/+mwArXS747oyEw4RXYoxNDZAbUmYwOkrqJWnWO46E8Ob9C9n8ryimns+n3pbUXwq8Yz6RcZDAAuIoQnxi4b6OJZnHo+viPHBCAPBIpy0UlbGIxS7lT6fm9Gy6zPtbN+76u9nF+S3xZajG9PT4bvXeqb7U637BwW7d+CBmtk1AAAAAElFTkSuQmCC","Rattlesnake, horned",https://robohash.org/magnidoloremqueillo.jpg?size=50x50&set=set1
Josh,Shear,jshear1a@yahoo.co.jp,Male,16.82.251.1,6/26/2017,"data:image/png;base64,iVBORw0KGgoAAAANSUhEUgAAABAAAAAQCAYAAAAf8/9hAAAABGdBTUEAAK/INwWK6QAAABl0RVh0U29mdHdhcmUAQWRvYmUgSW1hZ2VSZWFkeXHJZTwAAAJPSURBVDjLpZPLS5RhFMYfv9QJlelTQZwRb2OKlKuINuHGLlBEBEOLxAu46oL0F0QQFdWizUCrWnjBaDHgThCMoiKkhUONTqmjmDp2GZ0UnWbmfc/ztrC+GbM2dXbv4ZzfeQ7vefKMMfifyP89IbevNNCYdkN2kawkCZKfSPZTOGTf6Y/m1uflKlC3LvsNTWArr9BT2LAf+W73dn5jHclIBFZyfYWU3or7T4K7AJmbl/yG7EtX1BQXNTVCYgtgbAEAYHlqYHlrsTEVQWr63RZFuqsfDAcdQPrGRR/JF5nKGm9xUxMyr0YBAEXXHgIANq/3ADQobD2J9fAkNiMTMSFb9z8ambMAQER3JC1XttkYGGZXoyZEGyTHRuBuPgBTUu7VSnUAgAUAWutOV2MjZGkehgYUA6O5A0AlkAyRnotiX3MLlFKduYCqAtuGXpyH0XQmOj+TIURt51OzURTYZdBKV2UBSsOIcRp/TVTT4ewK6idECAihtUKOArWcjq/B8tQ6UkUR31+OYXP4sTOdisivrkMyHodWejlXwcC38Fvs8dY5xaIId89VlJy7ACpCNCFCuOp8+BJ6A631gANQSg1mVmOxxGQYRW2nHMha4B5WA3chsv22T5/B13AIicWZmNZ6cMchTXUe81Okzz54pLi0uQWp+TmkZqMwxsBV74Or3od4OISPr0e3SHa3PX0f3HXKofNH/UIG9pZ5PeUth+CyS2EMkEqs4fPEOBJLsyske48/+xD8oxcAYPzs4QaS7RR2kbLTTOTQieczfzfTv8QPldGvTGoF6/8AAAAASUVORK5CYII=",Goliath heron,https://robohash.org/perferendisaperiamquo.bmp?size=50x50&set=set1
Viole,Davidov,vdavidov1b@psu.edu,Female,91.49.209.54,10/24/2017,"data:image/png;base64,iVBORw0KGgoAAAANSUhEUgAAABAAAAAQCAYAAAAf8/9hAAAABGdBTUEAAK/INwWK6QAAABl0RVh0U29mdHdhcmUAQWRvYmUgSW1hZ2VSZWFkeXHJZTwAAAHJSURBVDjLY/j//z8DJZiBZgY4tN9wcO6+0erZd2uKc+fNfoeWGxMcW27Msiq+3GWUdIZXL/okI14D7JqvB+csf3Rv4p6X//t3Pf/fvf35/8Ilj3471V3bph9zmougC6xrr8mETbu7q3jl40/FKx5+LVzy8Ltd+eUZBvGnOYjygk3llfKCZY++u3fcWutcd21B07on/61yz88kKgwsCi8qJc++9yhu2p37ppnnQ4C4oWblo/9WOReXEjTANOsCs1PD9VVZ8+9/N0k7m6Yfe5LLOPFMR+Wyh/9dqq5eUvc6xIbXALOs8zEZc+9/C+q+ddEw/rSfXuRxLfP0swuqgAYEt934pOq2nxenAUbJZ0TjJt9+Vbn80X+v5huXrbLOb7LMOLfVterqjcYVj/+Htd38qey4TxqrAQaxpxntSy7PBvnVPO0MSmCZJ5/ZWL7g/v+ozlv/lex2K2EYoB9zigsYPS6lSx7+j+i59UYn6JgtTIGK635hdY/D9dnT7vxP6L/9X9F+b4icxTYmFAMsMs6ti+2/9S9hwu3/Ac3X32oHHOlVdtoroGS/R0vb9/Aip8ILrwLrrv33rbn63zD02F5Zy22GtM8LdDMAACVPr6ZjGHxnAAAAAElFTkSuQmCC",House sparrow,https://robohash.org/utnequeofficiis.bmp?size=50x50&set=set1
Hedvig,Vodden,hvodden1c@discuz.net,Female,219.181.27.192,12/9/2017,"data:image/png;base64,iVBORw0KGgoAAAANSUhEUgAAABAAAAAQCAYAAAAf8/9hAAAABGdBTUEAAK/INwWK6QAAABl0RVh0U29mdHdhcmUAQWRvYmUgSW1hZ2VSZWFkeXHJZTwAAAKsSURBVBgZBcFLiJZlGADQ87zfN/N7GSe7UBiIEmUaRKRJRogGpmEmRglRCIZEi2oTRbuojQQRdDGVCDICN4ELISMoJG/jhNm9DLOyMLMyLSXHme9/n86JzHTns3vWTx7uPVTCAkxCgEAGWXW1Hjt7Oj+Kf888vXfLqnGAyEwrN+7f+84TC+aVEtOTRgKQCenP8xO2Hzrr918u/vft10cu27dl1UVooTRx/WDbTP/mD02JIMhKP6uuSxcm+pZeN82tc1qj9c8pWeeeWfL4e5d+vOnuiwUiYigzm8GmGCi0QVNoggiKQDVjeNCqhTPMvrY3uR2e+hYUSAIKSlAilAglQolQmnDy7wtmDU244bLwyG2XawaatdACZNI2hJARaj8poW0YzOKH02m8dmodt/ianmhLBy1kkmijSCkRJQSykk1hkFJDrY1UiAJaSFREEEIikZWBBhBF9EOWVJEJtFA7MqkIZCYoBTW0TZLh1PHvvfvGC4aGhsycmJi0bt3mewrUmjKTJDMBSCCEU8eP2rtzm4WLFnvx5U2OXb1hrNfrvd1Cv9JPslIBJKjJrz8e8eGON82bf7ublqzx6Ib1+jGnPXnm5GALtUs103OfjQupBplB5ZLTX5j2+XbdrEV2TV/l1XVrPP7gaqMHR9rfum52C13X1+8zY3jA/CuLmvSTs9+P+Gr3Vj9NusryFQ849NgKy+6+3yejI74cWDv26QcrTxToLtba1ZrjfUZO9I2c7Iz+3nf0/W0Onxvir589v2ymW1av9893B7y2eWudyLaDFibG+qemDjZXPHPj+NTMLJKK+w4dtvvjA86fO+fg/j127dzhlde31sm9gXP9rp6AFiLypeVP7bk3Im5OOQUgFmw0c9bcXq/lrjsWxnfTHh5b+uS+sVrr4bbYDv8DSZ8/CcPtqE4AAAAASUVORK5CYII=","Hartebeest, coke's",https://robohash.org/doloretquisquam.bmp?size=50x50&set=set1
Billy,Ben,bben1d@blogs.com,Female,122.111.142.156,9/9/2017,"data:image/png;base64,iVBORw0KGgoAAAANSUhEUgAAABAAAAAQCAYAAAAf8/9hAAAABGdBTUEAAK/INwWK6QAAABl0RVh0U29mdHdhcmUAQWRvYmUgSW1hZ2VSZWFkeXHJZTwAAAKGSURBVDjLjZNLSJRRFMd/3/eN6eSDGCeLHkLRy8SoTSZhUfRclVC4Ep1FLcJ9QQUSEUHQqqCCmFXELCrooWFFBRVB4WMi7YVjipqJiWOT4/fde26LL2ea2njhLi6c87+/c/7nWMYYurq69k09vtymxodQown2RD9UM7fz3ers7NygtX4lXrrQQTN25Si7rr+fU3YgEKgOxGKxDzU1Nc0FPa3RolLAgOd5OYEigjEm5x0MBn2R+vr6dVrrS1LWgIMi+fzpfz/Zto2IZN6WZWUEMwTz4q3R4jID4gcAnLk1iggY8BMEBGg5FM6WkSFY2IBjKSafPMsIiEDl8uAfAf9296cA0FrnEgS6H0RLwgZjTFbAGN71/0IAIwYjGjF+D2zbFoCsC2660LEUQxeOsD/WgzEmp+4Tt/eSmkly/mA7jpWHiKRCodD2LEHH/WjxQp9zNvnkzW+IaLQ2pPJmKA9XcCxWy8UDj8jPCxYCzl89aMRBMdHuu3D81m5MnsIVhWsplixYRcXiaqbSKSKxzZzddgfHcewMgf3mXrSkzCDa77gSl92VjWgjaNEIhuHJQaqWbeWnO01z+w7yl+r5fxE0YaMYb3uKZVmklYs2wtfxz3iiUOLhaY/kzBQbl9fy0/vFROTFoyzB67vRojIB3x3SKo3SikUl5SjRaCOMTA4QKlpMx+BLekc+MvqMxhwXbBT9pyPUtX/h8LXVpF0XV1zSymVleD1bVu7h7cAr4sNxbjQ9Ye2iSn8XlFJVm3of9s0PBTEGEokE53a0opTK7EHkwRYsO0h8IE5L7VV+9CX9sZ6d6cia0u3lRfN2DqW8weufxuP/7sOKUzzXxikYa9N10x0Mz67zb4UIk7Pj5YsYAAAAAElFTkSuQmCC","Zebra, plains",https://robohash.org/ipsumfacilismagni.bmp?size=50x50&set=set1
Bruce,McMeekin,bmcmeekin1e@constantcontact.com,Male,28.59.1.196,11/6/2017,"data:image/png;base64,iVBORw0KGgoAAAANSUhEUgAAABAAAAAQCAYAAAAf8/9hAAAABGdBTUEAAK/INwWK6QAAABl0RVh0U29mdHdhcmUAQWRvYmUgSW1hZ2VSZWFkeXHJZTwAAAIxSURBVDjLpdNdSFNhGAdwKSNyg6ALC8GLoE8so49VRHVRFFQISlJeREXQBxWSSZDUpNrOTDoxSGvhmokV1TazLeekTBda9rVKmW5lYq6slgutOI7j1vn3vKc4rCAv3MXDgfPy/73Pc3hOEoCkROq/B6v2GdIWHLnhmK1v7ZtZ3PIuo9DmOr17iaUkLx1Ud6g2jgqo+JCU4x7Bs5AEe4+EhbYYMsv9iEYGcU+/VEZkYNkew7iJnHBrgl4YSeYEJJcIGF8qoKw9Bv8g8GkY8IaBthDgqatCsNGAq4czGbBLBhbv5VWT+EiL2Q9cfg2YA0DDe+AxBeqDQPvX3+/PdwKmfA0+PDDCuGM6A9JkYP5Byyy1SexgQM5dIJvqpJdCb4DWz8BDKguhhzxDor1Ig+7afBaG8hFnFDiyp1ZFgxa6JbcR2NoEnCLg2ltqfQBwUzcVhJc1+4c8/Br0urV/A9OKvJyxQ/qmfQ5so/D2ZoB7CVh7gN4fwP1+wEWjGK/XoKt6C9rOrWeATwHUugEn3RBjrW9oAI4TdJPCno80RlfsZ27d9+Eslxitcdpk4HbxCgboFEB1JvKk3CfhSjdQTXM7+yRorCLUZ8PSposvvMZX0bydtf2Vi9JT4avcjIr9GQxYrQBzC2zmVG2nkGIISyncF2mKLiDOKbQ+it8JCqy9dGCe3EH8/KMu0j9AqePEyoSAwFNTVkKAHG7i1ykrPCbAfmw5A46OBbjw5y9kz8nxZ78A90vOcDVd+i0AAAAASUVORK5CYII=",Woodrat (unidentified),https://robohash.org/aliquamquisquamsunt.png?size=50x50&set=set1
Ludwig,Wessel,lwessel1f@nyu.edu,Male,84.114.198.155,7/7/2017,"data:image/png;base64,iVBORw0KGgoAAAANSUhEUgAAABAAAAAQCAYAAAAf8/9hAAAABGdBTUEAAK/INwWK6QAAABl0RVh0U29mdHdhcmUAQWRvYmUgSW1hZ2VSZWFkeXHJZTwAAALnSURBVDjLfZNLaFx1HIW/e2fuzJ00w0ymkpQpiUKfMT7SblzU4kayELEptRChUEFEqKALUaRUV2YhlCLYjYq4FBeuiqZgC6FIQzBpEGpDkzHNs5PMTJtmHnfu6//7uSh2IYNnffg23zmWqtIpd395YwiRL1Q0qyIfD56cmOvUs/4LWJg40auiH6jI+7v3ncybdo2Hy9ebKvqNGrn03Nj1+x0Bi1dHHVV9W0U+ye4d2d83+Ca2GJrlGZx0gkppkkfrsysqclFFvh8++3v7CWDh6ugIohfSPcPH+w6fwu05ABoSby9yb3Kc/mePYXc9TdCqslWapVGdn1Zjxo++O33Fujtx4gdEzj61f8xyC8/jN2rsVOcxYZOoVSZtBewZOAT+NonuAWw3S728wFZpFm975cekGjlz8NXLVtSo0SxPImGdtFfFq5epr21wdOxrnMwuaC2jrRJWfYHdxRfIFeDWr0unkyrSUqxcyk2TLQzQrt6hqydPvidDBg/8VTAp8DegvYa3OU1z+SbuM6dQI62kioAAVgondwAnncWvzCDNCk4CLO9vsJVw8xqN+iPiTB5SaTSKURGSaoTHHgxoAMlduL1HiFMZXP8BsvkbO1GD2O3GpLOIF0KsSBijxmCrMY+FqgGJQDzQgGT3XrJ7DuI5EKZd4iDG+CHG84m8AIki1Ai2imRsx4FEBtQHCUB8MG1wi8QKGhjEC4mbAVHTx8kNYSuoiGurkRtLN76ivb0K6SIkusCEoBEgaCQYPyT2QhKpAXKHTiMmQ2lmChWZTrw32v9TsLOyVlu8Nhi2G4Vs32HsTC9IA2KPRuU2Erp097+O5RRYvz3H1r3JldivfY7IR0+mfOu7l3pV5EM1cq744mi+OPwaRD71tSk0Vsp3/uLB6s2minyrIpeOf7a00fFMf1w+MqRGzqvIW/teecdqV5a5P/8ncXv9ZxUdf/lCae5/3/hvpi4OjajIp4ikVOTLY+cXr3Tq/QPcssKNXib9yAAAAABJRU5ErkJggg==","Waxbill, violet-eared",https://robohash.org/maximeatrepellendus.bmp?size=50x50&set=set1
Matti,Willwood,mwillwood1g@amazon.co.jp,Female,87.104.203.102,1/10/2018,"data:image/png;base64,iVBORw0KGgoAAAANSUhEUgAAABAAAAAQCAYAAAAf8/9hAAAABGdBTUEAAK/INwWK6QAAABl0RVh0U29mdHdhcmUAQWRvYmUgSW1hZ2VSZWFkeXHJZTwAAALeSURBVDjLY/j//z8DDKvNusuTturRzro9L95NO/b674RDr37W73z+Pmnxg9PypRcUkNXCMIaAcu9Nj7rjb24ee/rt/9HH3/47zry7Si7/vKZM5hlGggYodd5g1J9wc+KiKx8+Wk+5vSh367OLlp3XF8kknxbGphnDAIWGK4kbb37+pV13pV82+6xF1Y7nt90m3NwinX3JWrP51hzz3nsHTTrv7jZpvbPbrPXWQc3Sa8sQmqsuq5bsfHF15ul3b2TSzphJx5/UmXLw9Wv/KbcPSGdecFauuDnZZ97jz9kbX/zPXPPiv07pjXXisRfK4AYYtVydufn6pz/zTr77MOHAqxczDr5+e+Dmp/+xs+6eEfM6IKffcGt9wLxH/5x6795NXPbkv0T0+Wax8LNsDMAAYgEGUOySM+8++027s1cy9GikRODhYHG/g3lT97x4mzL77mXJhLMZMUue/rdtu3sZaKt7xNzH/2WizveCwwAYQHrZax5fmnTg1SuJoCOGMBeJeu5VT5px52LGrHsP3Cbff+824d5Lsajz1kBbgyJnPvyvmnhhGdiAjp3Pv087+Op/89ZnX5Jn3N4GEhRx32Mc3HPj5LJDb/5HT7r3P3HJk/9iEWdrwXIhp73Dp97/r518YQvWdICMgc6NiZ7/+H/yoif/U2fM/58zJf5/Wp///6hWj/82ucU3BL2OCOPWHH3ezLr+5mWv3rvffKvrTzeuTvy/5crU/xee7frfvzvrf3i/7n/jdJ15OA3QzL60JmHeo/9iwSebY9tdvm+8POH/xmuT/oNAz57U//170v+bZ0v9wNAIDCRj0dAzxe5tdz54tN35Kux3Itin2vD/titz/iODTZemAg2QxLTZvfPuJ9++u/99e+789+m4898o7eIxyxzp7927kv6370oAa27fmQB2gUW2/H+8gQjDQJtagns0/vfuSgHbDKJBfKB4D1EGQA3pAOJPIGdD6Q6QOADllJVJzH+HzQAAAABJRU5ErkJggg==","Catfish, blue",https://robohash.org/voluptatemmagnamet.jpg?size=50x50&set=set1
Gerty,Benny,gbenny1h@illinois.edu,Female,102.161.240.141,1/24/2018,"data:image/png;base64,iVBORw0KGgoAAAANSUhEUgAAABAAAAAQCAYAAAAf8/9hAAAABGdBTUEAAK/INwWK6QAAABl0RVh0U29mdHdhcmUAQWRvYmUgSW1hZ2VSZWFkeXHJZTwAAAKjSURBVDjLrZLdT1JhHMfd6q6L7voT3NrEuQq6aTircWFQ04u4MetCZ4UXGY2J1UoMdCoWxMZWDWtrrqHgylZ54RbkZtkiJ5aAku8MXXqQl3PgAOfb8xwq5LrOzmfnd34vn+d5tqcMQNm/UPZfBMHXx2ZWvI386odLe7jIL7w5EQ68qjhEOFjCmMj+v4LQmCwtCHkSCuSlFOIst4X1KU1mbUqT/kPki57bmL6xEnx55HxRMCqNCTkO6fUBpH5YkFoeBLsyAiHLEFcSQi5B2C38Z3eAPJ8JjcrmigKnLJ7nd8mwDcnFh4h/68T29FVsfW4F4zeCmb0LZqYDO191hOtkZ5sIuY8lioJhKZ9lo2DmbNjx9WDTowW7+YmsGv+9Ov3GijsgxwsNy7iiYOg4L54/nyawQC4lDubYANIRG7g1I9glHVILl5EMNCCXnEfouXSP4JksI+RY5OIfkWXGwf8cQSb6hAz2gV2+BXaxFangBSS/n0PCfxq5xAxCg3sFj2TpPB8Hvz2G3dWneOvqhLnPCIfDgd5uPebfNyAyrUR/t1bMmft7MdR1NiuXyw8UBDYpJ/AMkhsOPLa2wmKxIBqNIhwOw+Px4EG/Hvb7GoSCc2JucnJS7FEqlb2FizRwNMLHFmPvXnQJN/U6+Px+3LvdApVKiebmZlitVuj1ejFWqc7AZNCJEq1WGxMFAVPFtUCPZKhDXZUyGu6IAr+pklOclGNiYgI+nw9erxculws0N2uqjFOBwWDgSu61RCK50tLSwlBBfX39eE1NDa9QKFBXVydCY5qjNSqgvSWCw+RRqVTzZrOZcTqd2263G3a7HW1tbWhvbxdjmqM12kN7SwTl5eX7qqurq2pra5eampqSGo2GI2TUanUj4RSJ4zRHa7SH9v4C8Nrl+GFh7LoAAAAASUVORK5CYII=",Chestnut weaver,https://robohash.org/perferendisexfacilis.jpg?size=50x50&set=set1
Rafaelia,Haycroft,rhaycroft1i@theglobeandmail.com,Female,2.203.235.53,8/10/2017,"data:image/png;base64,iVBORw0KGgoAAAANSUhEUgAAABAAAAAQCAYAAAAf8/9hAAAABGdBTUEAAK/INwWK6QAAABl0RVh0U29mdHdhcmUAQWRvYmUgSW1hZ2VSZWFkeXHJZTwAAAK4SURBVDjLjZPrT1JhHMfPq/NH+K6ty2bhJcswzUa2hTMaEmCsZmWuUU0HQuAVEWHMgCnLy2yOhiOKIs0L08ByXgab1TTRNlO7ULwylTOZ9iL9djiVrdLmi++bZ7/P5znP93kOAYDYKt1F+0k6cR4ZK86jSCS3m9sW7pGxwh5FwlqfOmnNW34w7NUcInck6Ck+QNJgZNjExYTzOl67iuG/nQuf7kjEp2eT/xV45AlknyopMmLJweRDGR05Jt1KBDvLMdoiRp8uLeKpTiO3FHiUiWR/WTI12sBD8JEC/kYBvLXpeGrIwHCTGOPuKgxYRXCXsan7ilTyD0G/Opn0lqdQfisfwccq+JuEGKjjYHpqkklvLQc+iwiBe2p06/mwSVOo5kvJjISgCyLpgij/bQGCHWX0p4rgNZ7AyxdjWFxcxPLyMuZmZ+BUHUOHlodnd26g/eYpmIQsSn86niR81akBf9PZn+fMo+EsTIy/wtLSEgP/yuzbGbQUsnFXdhJd5gtoLMxAOWdvgKCb5Xr1aevDzXno0WZufHg3t7nz3/n08T1qclhouHgUZZl71ulwfxRYncZ9omGPWOstG6urq8ywUqmESqWCWq1GaWkpsxaNRmEx3YKaEz8Vg/+5RpPJtEJRFDMcA1tbW9HW1obKyspNQUwqkUj2bfkODAbDSiQSYYYrKipgs9lgt9tRU1OzKZDL5RAKhb8FRc8vJxR0nTsvtvMGxBb+N8dQO2ISjUYDh8MBp9MJWsysPXhjR0GnBGIbbzrbytGmaw/zCRr+LOu9iqrBEhT1FqDAmo9wOAydTgeXywW32426ujqEQiFoBlSoH9NDO6REvkOERFl8lKB3HqRtIdoWOC5Lp3jXchakUum80WhkQLoXmM1mCASC+dySMwvZtVlf0zWpYzT8ZfeVXYPEdr/pTvMdjX2sh+52/VQAAAAASUVORK5CYII=",Desert spiny lizard,https://robohash.org/autexcepturiqui.bmp?size=50x50&set=set1
Tomi,Nerney,tnerney1j@godaddy.com,Female,216.158.192.243,9/22/2017,"data:image/png;base64,iVBORw0KGgoAAAANSUhEUgAAABAAAAAQCAYAAAAf8/9hAAAABGdBTUEAAK/INwWK6QAAABl0RVh0U29mdHdhcmUAQWRvYmUgSW1hZ2VSZWFkeXHJZTwAAAJ3SURBVDjLpVJdSJNhFD7bp7Js6qaUDqmxEFfRQFmZ00wjXYK2kgX+h114Ed5siZf9aIWFUSLRReVFgUElGVkURDCkKI3NlKIaRYmWmJmSue3b+9f5DGuBBNoHLwfe7zw/57yPSggB//NFLQcUKHG4BCEuESbt6uUQCDncqNm3x4gEbtVSR5jbuStGEPoaHSRibV7yCDxMWhH8HsHpCd6n7J8E9mPDLsGZmzN27tHJze2z23aUIbAcCTITfM+Y0qMiDQd7gNJSQdnd6MudZZEEhYd9Y5VbpFRZ9kJmlG/OdOGNdC0+58wNg03ijFZxTnGJhJZKjt1RuBCHXFmV9QfszccmbXf/9Lfc2MeTZkvBytFiw/h1Q/Z6xkhTuS3eyCh1qeQDdT0Kya/FUC3am7yjt769aCjMp4Lv7yzoyNeZHM26Ndnw7mHTjODcXnO/NpdzdggFzv71CkVHBmNKxp/cy5sY3Jo2MxKiejY7VZGwzlhUD0D8EAia4VP/+V7BuNNS84AoGHXEvCmMUc/tJOsXt7kuGdddPJsZbUqy1gKEfDBwtQu0uiDQULgUj2MBp7YfHXLhvONo5yWnpMdzylbd15YXHG3QrobtWao4fQC4/AHTw4H9eA6mgkYVleXjAx22uHkCVHXtzYhGdcI8p3PalMuhK/YYVDmhW5sBPDCM2CBYnWY09Rk0Gj8kWyo2UDnsnifgjLTf7P8+guqtC7aYHK5PTCuxxsZ9BUGn8LEl8N7yKzECHvLDqnQj9pCGvpZNGxeNMtobs1R3pUrqj0gwraQ/4q8apBVmmHj1Avy9Ld2LJhHtaXyXnEHBBdrnEUf8rqBUIVJ+AugPahHelS39AAAAAElFTkSuQmCC","Dove, white-winged",https://robohash.org/similiqueassumendanon.jpg?size=50x50&set=set1
Esma,Scaysbrook,escaysbrook1k@reference.com,Female,114.213.141.17,3/30/2017,"data:image/png;base64,iVBORw0KGgoAAAANSUhEUgAAABAAAAAQCAYAAAAf8/9hAAAABGdBTUEAAK/INwWK6QAAABl0RVh0U29mdHdhcmUAQWRvYmUgSW1hZ2VSZWFkeXHJZTwAAAJFSURBVBgZBcHda5V1AADg5/d733Oc7tjOaNs5GC6KdrEwmpPRxG7spoKghOim7oK8y0MIEQRL+geGEIQ3UXQvSJ8IafZxUbjQhRDZoU60iYsSc9t5v87b84TsVe3mrBWpHoCICIAIACixYTUfOJM2Z62YO97TOULSIKaEQAyESAzEgISAgLpi48de87MLUqmezhGyhO4SCW7f4O81YiSJiCQIkbqmNcXMIjMXeilIGsQxDp8AnKDY5teL3PyU6h4CdY3Av7cYu58R0QghZWeT9fP0v2V7i8Y4j77As2c5sAwIFAXDgjInJxURAzub/PwxMZBGphZYeIWJWZ44xdo5bl4kK8kzioohUUREd4kXP+Kpd3nkee72+epNBleAxdfoLJBlDEuKkpxoBAkBjXGm53n8ZZ45S/shrr7P75eBo6eo9zAsKCqGRBEB/1zj89e5eo7tLRr7ePJtWg9wZZV7t2i2OPQcw5JiRE4UESN1ZPc2g0tceos/LtPYx9HTaPDNe8Dhl9gtyStyUiMIJDXLp2m0GHzN2gdMzdPq0F3k+pcc/4+x/UwepKzIiSDWTB/iwBLT8xw8xt07rJ8HHj7GbkX/B+DBxyhrciIQ2N2i2AG2fiPL+OsXoNVlWPDnDaC5l6qiJJWjLlHxxRs0JhhcIyvp/8SHJylKdiu++4Tr31NW7B8nkrwzp627d9nkHM0Wsea+GSY6tDvESEyY6TIxyZ4GSUp/nTubqyF7WrvZtaKrZ4QSQ+TIMUSJHCVypGhaHW448z+h1tLAgvKk7gAAAABJRU5ErkJggg==",Lesser flamingo,https://robohash.org/esseeiussed.jpg?size=50x50&set=set1
Estell,Limbourne,elimbourne1l@live.com,Female,124.209.123.119,9/27/2017,"data:image/png;base64,iVBORw0KGgoAAAANSUhEUgAAABAAAAAQCAYAAAAf8/9hAAAABGdBTUEAAK/INwWK6QAAABl0RVh0U29mdHdhcmUAQWRvYmUgSW1hZ2VSZWFkeXHJZTwAAALpSURBVDjLdZNrSFNhGMf/Z9uZnjldy+lKKF2ThsqULgZdLAIrKTHKMLvYhS4fgiKLoi/Rx6LID0aIaRAUpQSFEcIMiS6mhoFmN0duVpo6azd1m+852+lZSeSlF36fHv7/532e//ty5eXl7yKRSCrhqqysNGOWU1xc/EEURbMkSY7GxsaMf2sqEqaHw+HbxOHS0lJ5NgMSR6kgCqbXVCSMIbaTu5h0qEKKVcSASTJYBDiSdB0LtEDZyVYVidcRmdMNFCR8S1QR9tf8DWFc8AkKjUGQBYPgRLagE4YExthn4hbRNeMGJEwg1hGSju/Ei/EOLFdehSJsgc29DV1eKxg7IFH3nYRuNgORcFLRaowBchO18LJjGAtkw+3bCPtoUnT+COFcnRU299zdJSu1Voz/eAYuNLA/OhubNMjaZDRDzWkgwYRx3QiQcgcRTsRNxrAnPxC3d/O2+YIhDzrTEnidFnxqqr0cNUggthqNxhzbmYFZMlBgZUYwY/++kmydfgXcvR+pCUN8wjxoExfqogZ+osHpdEqWCw3LBEpBDAOMAj1kqEaK3AellK7WmwswMVgHtYbDl85PEEPsZyg4tkpBm1UTJkLZNnER/rADkXA0e2BkxA1e4qBPL0Toew043gNeG4/YQO+w6B/Mzz3+wB414CcNuD8pnIBX7MG84UewxvqgSy9CaKAKCl4E86fB9bRtlI0GCpeeetL5e0C6vo+oJ/hoCkX0csxiGXbMeY7krC1gQ7VQqmVM+FPR39wakYKB7MWn2zv+xkidc0i8m0hbb0iVld3fkavawElcMga7r0GfrEbIvQBfm1tCJRVdsfZ+b9+UFZOBSNTwPK9pOjfMaT56uMw1RxHz7SXsDS3otLnx4p4NVx72nu1zBbwzMiKxg6j2eDxv6urquJ7PQxJ7/ximnDzExVkw0NE9dr7e+eV+u6uS/szP6QacLE/9gCVr5waXLjKqVmSYIPMTr4KukYOFl9468J/zC7f3tq13JhENAAAAAElFTkSuQmCC",Yellow-billed hornbill,https://robohash.org/etquisoluta.jpg?size=50x50&set=set1
Edie,Sturgeon,esturgeon1m@ustream.tv,Female,64.130.124.78,3/31/2017,"data:image/png;base64,iVBORw0KGgoAAAANSUhEUgAAABAAAAAQCAYAAAAf8/9hAAAABGdBTUEAAK/INwWK6QAAABl0RVh0U29mdHdhcmUAQWRvYmUgSW1hZ2VSZWFkeXHJZTwAAAHSSURBVDjLpZPbSxtREMbzL4pSpYj1VilUmmpQSCKCSLAgihFTo9Eg0TRZY5LdxJgbKYo+2AstLRbU1nfxrlmTdLPJ55nZ+OCjyYGPYQ8zv/PN7DkmAKZGZGoakN5OKSeqPfAPtk9Ca8ew+g4xvPIHQ94DWJZ/Y3DxJ94v/ID54zf0z32BbXFPpToGODZOKrPpUzxX5pmdCgPo5HrUN7kNBtjW/qKe1TORMwDW1SPeeJ0ucMzlcshms0gmkyhqVSQSCVzmdSiKAlmWEQ6HOa/TkakBxMBolUQyFRRIpQruijp/3xR0XN/ruMiXcXar4fRG4/yOsaQBoGmzpa08x0wmg1QqhVgsxoBoNMoQSZIQCATg9/s5r300YQDoV9HS9Cr+l6vspFRzQgBVOCE3j06uVJ3zX47EDIBl6RdvdG9ec6Se4/E4QqEQA4LBIO5FSz6fD16vFx6Ph/PabLIBMM9/541ypYpyzQWpqD2VKiB54YJEq2VowwC8m/tqTFU+50i9RyIR7pUK6WSKbrcbLpcLTqeT85ot6wagf3a/rnvQNCjh8S1Ib6Z3+Wb1fviMLkcWr8bTYsqbPKg2u4JWawQvhsPCdkicLEHUkCQGNPwaGwU8AG9RQVkc+5PeAAAAAElFTkSuQmCC",Asian lion,https://robohash.org/abvelut.jpg?size=50x50&set=set1
Jodee,Flay,jflay1n@drupal.org,Female,181.133.134.54,2/9/2017,"data:image/png;base64,iVBORw0KGgoAAAANSUhEUgAAABAAAAAQCAYAAAAf8/9hAAAABGdBTUEAAK/INwWK6QAAABl0RVh0U29mdHdhcmUAQWRvYmUgSW1hZ2VSZWFkeXHJZTwAAAJRSURBVBgZBcExiJZlHADw3/O+732enKYdQVeklWBeoSBFtmgNNrRcQ9DSFBQZDU4OEYSNbQUtCg5FEAUpDdXSUliBQRBEBBXeVuFZnvKd1/e9z/P/9/uVzATnX37wEfwCAICbpy6s7wUAACjnXnrgUbyFtV3Ld3vhjbO2rv8Alu465sOzr9veugUf4dKpC+sXAWDApWdeObNv+Z57/fPV+zJTm22BzHTiyD5LR0/KzLXPzr/3LC4CwID7l1fus/n7FTHetv7JO2QiXc8fpbTx83eWV4/tBgCAAbLORR11+w+LVmWmj9tpLUMEcPO3LeX401599/O8MVv59c/1vx67fG5te4Boo6ijGGfa7D+kNoQ3n1u1MQ0FkWlsYeiP+ODK5sN96a8++doXBweIOhOtkqEUMum7zo3b6Y+N1HVprOHWdvXUQzsdP7TX0qRb+TbbTx1EnYs618a5qE3UBvrC4sCkLyZ9sTjpXNvcduhOXnxijzrmgQFinMlxLmuIsZGpLaZSWOjJJPticehc/TdN/555fP8OC0NngKhzUZsYm6hBpMhUFH3XASVFJDt6pSv6vpcYIMcm503UJmojgABFEfrCZOiUTBFFKUUmA9SxamMTrYmxkURLBUNHVzqR9IUuMGHnQGYaIOdVjE22JmvISNCiYgAAAJGVKAZc3p5OT+zatyprE7WRicGsTrEXAADM6lSJrgx4++svP92NowBw7fDzFroD9iyOMulKUQpQ0Hd3iKzzkpkAAODkme+/6btykG6F3KIgQVFKZJvuWVrY+T+vNUkTODP9hQAAAABJRU5ErkJggg==","Pigeon, wood",https://robohash.org/occaecatierrorillo.jpg?size=50x50&set=set1
Drucill,Stoffer,dstoffer1o@jiathis.com,Female,80.72.245.172,6/13/2017,"data:image/png;base64,iVBORw0KGgoAAAANSUhEUgAAABAAAAAQCAYAAAAf8/9hAAAABGdBTUEAAK/INwWK6QAAABl0RVh0U29mdHdhcmUAQWRvYmUgSW1hZ2VSZWFkeXHJZTwAAAL0SURBVDjLhZNbSNNhGMb/EqGGUEEUUhgWUkmWQpFZ1oUkdZNQhFAeMkktQY288EgeKk+l05zHdI41tZNO5mHTEJ3OmTrPh8imTvM0tTxs6qbb07c/OTSjLp7v4uV9frzw8aMGWI9MSAJI+CQyEiWJtiv7AZoZbqh9fl3LD7+sLA46Lcv3seQz3fcFpLiamQCg9KHIcuNIVRwmmphQdORhtoeNma4CTLXkYlyUgdHqFMjK4tDLCUUjwwslIZdAAI0GQD8nrGsDMC3NJXmNSUk2vtczMSJIhoyXgIGiaHTkPobohTsNYLibdxkA4m65tVRch29VOegrjEQL0xu1cS4gZ4OcDZbvUWR5WyDH/ySKYm8iJz0e6dwqawNA/9QOagTSMTVml9awotFhdU2HOdU6+iZW0CZfxvCsGrIZNcrbZ5BeOSzYKBsA+gj7l0uF/SrdCFlWrmoxMb+GgclVDJGi+OsiMoWjulcVwyWby1sA+vA6FuzLOuZln2VLGP2hocuVnXPIEMoH0yqG7P8sbwNspLBJ0dAuV6JteAlMgVykn/lzzqnus+zgmWdj+l9AcdO0pHNMCSkBpJUPNehn3iw7VTT/NlyzjsOFedj0r4BC8bQDr1Uh7x5dQiDXEQFvzsOPfQZeebaIKL2Fd62pCH7vgispB7SOSXvNtgA4DVO8D83TuiHFCv0T5GTw2jPwUZpOF4tbGWB8CgZbkgg/rjPOxhlrbWKNdtPlAtGksKZnDuPzGqjUWmjWdSAn0+Xk6kAkCPzxrNIHUXwvxFT4IksUC7eCi7B6Qq1TRTU91tyGCdT1/4RicY0ua3XAndwTeNvCALf5JdhNicgXxxPIQ2SKYuDDvQrLSEpxMJSypV3oFWahUSKG5MssxmaWsaDS4EbmEVxLPQSnlP24kLQHHiwHZNRH4R7HGcfCjNTmoZT1Npn+5YLd053wZDvhVLgxQjx2STfbaNCZKCwjCit/K0y7QBTWEoWVVhGUziJ8B4LumkZv1vkXO/PSRSy+XJ4AAAAASUVORK5CYII=","Peacock, blue",https://robohash.org/nobisquiaa.bmp?size=50x50&set=set1
Bobby,Durran,bdurran1p@cisco.com,Female,22.219.106.170,2/16/2017,"data:image/png;base64,iVBORw0KGgoAAAANSUhEUgAAABAAAAAQCAYAAAAf8/9hAAAABGdBTUEAAK/INwWK6QAAABl0RVh0U29mdHdhcmUAQWRvYmUgSW1hZ2VSZWFkeXHJZTwAAAHXSURBVDjLzZNNi9pQFIbzA+YXDP0zLV3Nb3E9a3d1JQh+g7oQLaKCimL8QGKiMdF0OjUTjB+N0fi9Ghim7aa8vScwglBKabvohZfccM95zntObjgA3N+I+2cARVGuJEnydNjief5LpVLpFAoFTyaTufotgCiKtw8POizrMzaOjfnMhCz3kUgkbn8JkGX5utvtelut1telNYf+ScPHDzL0+yEW8wnC4fCT3+/3+Hy+nzrhBEHwTiYTvCRrQwma2sVIFXCnDaAqA7TbbdRqtcdSqZTIZrOvLwCNRsNY2RbGrKI2FN1kddCB3OtAFAU4joPT6YTj8cjas5DP58epVOrtGcCGZVD1+zuFJYusYh/9noQe03a7xW63w3q9drXf77FYLPCerTOA7b00LMMYYzRS3YDD4eCKksmBbdtYLpfuk5zkcrnvyWSyFAwG33DMzjUblJcNymDtfKMAqkbBlEwu6J0AJNoT3DRNRKPR6sVE2RUwCUCJq9XKDd5sNmfAixOaBbUTj8efLwD1ev3dbDZzDymR9tQSuSAgfa3pdOqe6boO1gJ/AWA371W1Wg00m801gznlcpkvFoutdDp9CoVCx1gsJjFpkUjkORAI8KztG+7/+Zn+VD8AV2IaSQGFiWoAAAAASUVORK5CYII=","Sloth, hoffman's",https://robohash.org/essedoloremdolor.bmp?size=50x50&set=set1
Marie-ann,O'Nowlan,monowlan1q@cafepress.com,Female,207.242.198.194,12/13/2017,"data:image/png;base64,iVBORw0KGgoAAAANSUhEUgAAABAAAAAQCAYAAAAf8/9hAAAABGdBTUEAAK/INwWK6QAAABl0RVh0U29mdHdhcmUAQWRvYmUgSW1hZ2VSZWFkeXHJZTwAAAJsSURBVDjLfZO9a5RBEIefvfcuucRUanGiJkYjiNoEET9II0gUsRC0sbASO1G0MVhIiCL+BdoJYmOnjYWJQsA0QRBRYkBUJESJ+dJLzvfe3Z3dsXiTS6LowDKzC7+H3ww7RlUBCJcuKrv3IkNDqAgaAtF74lIuHT+OPh9m3YtnhlVRXC5Wi3SVMIrkdxHUef6MFYAXVIRoLVEkB4k06uI/AIUGwHnUWujoIFhLtJZgLSHLMF1dxLSOOvcfB84PmLnxG837a7QcaoJisvRukDTDvRojOD/wT0DTyYlJpFDze8612aZ2QiigkmEkpVSfoFx4VDOHw+SfAKOq6MODB8A8cd3XK9Y1E9OfSPYL9RkqDkxCc9nQ+uHeFF5PlS6Pja6dQZA+2XW+YqWFkFYJLheqd8QsRaqzpPNVsvbTlbgY+v4aokbp8eu2E+uLuVAciCd6i4oj+jqyMEddWsGGnr9nEHV91AT1GVEcGjxRcnFwea5+GqP6Ypxsempj6C1OAHd7B+XO0hA1/0TiG9YbJziqn8eJUmPfuSs0d+6h/nZw6/uXQ7eGjpZ+LbWg88bXIIa11sWi3jEzNsrOI2cofxrGPDhL6+fHbOvYkKjRK7mD4EeK1fFTrriZGNwa6yqOWKtRrnTCiasrvfdvIolmW+6gHu8UX9+fKpmUQqkMMaIh3wlUMW2tpG+eQv8m7DXDj2uGhe8zhES/meVtdDe7LiAMuO7TlaxpM0EialPwKdV3wyzMTrNlg1AsTLI4I3z5ngSf6Y0GACDr23Eg1qQPH3uimvUEUDXzURj5KHybm/16IgmmIyT6VeHesUG5/Rt5eNFI8xvNdAAAAABJRU5ErkJggg==","Skink, blue-tongued",https://robohash.org/culpaetid.jpg?size=50x50&set=set1
Devlen,Hinstridge,dhinstridge1r@ameblo.jp,Male,131.215.92.199,11/17/2017,"data:image/png;base64,iVBORw0KGgoAAAANSUhEUgAAABAAAAAQCAYAAAAf8/9hAAAABGdBTUEAAK/INwWK6QAAABl0RVh0U29mdHdhcmUAQWRvYmUgSW1hZ2VSZWFkeXHJZTwAAAKASURBVDjLpVNLTxNRGOUH+Av6O2Dp0oVdGEE37EzcmHShiRoCMWqDJiQSI6QjREtAHilQU0lQ3hawjEUM2pZSOn1QHi0M0GmdDp2+oMf5LnSsj503OZubc853vu9+twZATTUudcGgoU6DUUPjOYznd4Y/+dXCCxpqW97JJsfnXW7ZE+bX1jcknz8gLa0G+dHFGNdkT5mIQ9zfDM7FF4dde2bfRlQQkzIUtYjSaZkhky0gcZCCe9Uv9M5EzcStmFQMaknsD24quXwJdNTCCVJKEZKG4/wJu1PUApZWvIp1MkQmtcyA+qLYVLkiPpILOPhRgJg+w146j0Qqr5vMzLuFO0MitWMggzoHv8NRbDo9c3Fcf+rSce3JIkND6wJaBkOME4ztw2Jf5khLBkb39xBPPVNUEjnXJL1qXMphN5nDrCeJBrMTcraEw7SKvpH3PGnJoNG7ti7RsJKZIjOoFsYOVNzu2cD6roL6xx/ZXaF0iiHbiERaZuDx+ZkB9U5x57xJRozsZ5m4/tEs3rpFZrB9lNNSFNHXP6gbGD99DfBpJY+MWkLX9A4u3xtlxIGFBBNffTiNKw8mcP9NkL1MOJ6GxWrTW6izOSPcdiKJchlMuHWosuhRUcWzsRgz8MQyCCWyKJ6UMf8lAHP3hD5Ew93hI5PTtSJIco5NmYQEaiG8l0WbYxPfojIrENGqd74aEG52h8+esbJIljGfeXzWpYipY0ZMH5f0NLRMVDkcT6HDOqw0WyZ/LVL1KrfbVswD9nFh2RvBtiizmVDPgS0JUy4f2i29QlPnh79Xufoz3erZMrW+nuKed/Xzlpfd0otOTmrrsPLNHQ7uBhf892f6n+/8E/bIBuJgfmmXAAAAAElFTkSuQmCC",Australian pelican,https://robohash.org/adquialibero.bmp?size=50x50&set=set1
Ewen,Topham,etopham1s@rambler.ru,Male,179.104.240.191,10/9/2017,"data:image/png;base64,iVBORw0KGgoAAAANSUhEUgAAABAAAAAQCAYAAAAf8/9hAAAABGdBTUEAAK/INwWK6QAAABl0RVh0U29mdHdhcmUAQWRvYmUgSW1hZ2VSZWFkeXHJZTwAAAFoSURBVDjL1ZMxSBxREIa/WdecLssuRFRUiGkiNmKbaGlhY2UjooVoaZVAiqQTLFUQYi2Wkso2tZ2NioXtqQiKuO557u3u896kMAdecEG4yqlm3sx8vJ+ZEVWlFXNo0VoGuM+Dn7/+rAeeNxfVtENEECFUS9zIi1iytLa98W3y64uAwPfml6aGuz3Pl2fPYcOpZoat34cLwMuAOKHkeb6cXlbYL38nDG5IcsPZdRdj/at8Hh5ApE0KJYgQPAKP1uL713S2v8eSYd+VuYoSrFpENCgEqFJRJbxPcqI0pa4PVE3GbZISkYEKqlQKAf8g3KeW8uUnbOmEqkm4iwYZ6i29YoxCYC3c1eqM9v5gMe5h4tBh4uMaruuigIgUS0AVQTm+WMYYw0Gek/e1k5/MYIxhdvyA/xfXbf6OPdd6/mFleo+nOm1qMMaAalwISJJ0d3P36IvFGXEcQSBUiGlAxPJQre00qX77x/QXu32e+E+qGcwAAAAASUVORK5CYII=",Squirrel glider,https://robohash.org/autemperferendiscumque.png?size=50x50&set=set1
Daffie,Maren,dmaren1t@examiner.com,Female,101.4.216.196,11/19/2017,"data:image/png;base64,iVBORw0KGgoAAAANSUhEUgAAABAAAAAQCAYAAAAf8/9hAAAABGdBTUEAAK/INwWK6QAAABl0RVh0U29mdHdhcmUAQWRvYmUgSW1hZ2VSZWFkeXHJZTwAAAGtSURBVDjLpZO/a5NhFIWfL1bNoFQdREMRRAo62CqIhOImWRz8A9xcNU4uFd1asEs3cXDxX+ggFkTQoZRsUrGDCDpoY4VSEoPRku+e4/B9+UUyFHqnM9zzcM77chPbHGQKHHAmumL51c9eFNkYiAAMlpAhlOkQLNw5lwwBAEonj2CMBQYsI4MHIBJ8/dUeTRA2dm4Q2MbO0+QgyUgmOmMqRGQRsZFyY1drGNIJjQIcyhYNkrDIDeoZu8A0HQNIBQqjfClb7mr1kxiUehSgVITc6+mBzs4rdZOk4wBpChHq9R+GQLP1luaf9/zda9Bq73HrUf3J66cbi31ABBET+avnRmdfudNYpThZo3LtOlOnpnm3uULt09ZCuVo6UegnMBFGKUQ4+5UQaZitnRWuXJwlCsHs2QqRdChfngO43weECZlUzrWIyJLstrY5nBzj9qUHADy8+YILp2cAigNvID5/b/c6S8JhBOz+brBZX2ejvsZ85SVLb+5SPHQU4F+yn2ssV0uLU+cnH8/N3GD6zFW+bH9g/eMaP741l5P9nnO5WloC7gHHgRbwvPasPv8fJZl0Xd9fi4EAAAAASUVORK5CYII=","Pelican, eastern white",https://robohash.org/consequuntursitincidunt.png?size=50x50&set=set1
Jazmin,Cockshtt,jcockshtt1u@whitehouse.gov,Female,16.31.150.189,5/2/2017,"data:image/png;base64,iVBORw0KGgoAAAANSUhEUgAAABAAAAAQCAQAAAC1+jfqAAAABGdBTUEAAK/INwWK6QAAABl0RVh0U29mdHdhcmUAQWRvYmUgSW1hZ2VSZWFkeXHJZTwAAADZSURBVBgZBcFBbo1hGAbQ83+5kRCJhA2IEQMrYAPMxRZMbcLG2ICRGTeUtE1jpr1p3/95nLMV8PnL3eOT07Pr79f+/f34GuAAcPfqgXseunlx6ysADsfC0+3k1n03ODP41oiX2+IReO7KH7sfLr1HPBEsCOKNc0cXPghGDFZUUPHWb+/UIKpYUUXU+LRFBbsYLCqICkbsiArWroKIQVQQFayIYFRQFYwKVtQgqhgxiNixooJdDKIgCtaIHVFB1KAqWFFBVDCiiAoOuzMwfgnqpyCOYCsAAADgP4mZnXDW2crZAAAAAElFTkSuQmCC","Duck, comb",https://robohash.org/quisquamvoluptaset.png?size=50x50&set=set1
Siegfried,Hember,shember1v@instagram.com,Male,151.1.142.109,9/25/2017,"data:image/png;base64,iVBORw0KGgoAAAANSUhEUgAAABAAAAAQCAYAAAAf8/9hAAAABGdBTUEAAK/INwWK6QAAABl0RVh0U29mdHdhcmUAQWRvYmUgSW1hZ2VSZWFkeXHJZTwAAAJRSURBVDjLhVNNaBNREP7eZvNHU9aqBDxkiScvIh78Aw8qleTgz0lvHjwoivW/YBBBDxY8iIeiBiMoeBPBQIUqXnrQgxBy0l6aEkIWbDA0JTZtNrub3XVmQ7YEbRx4O+/tvPm+mXkzwnVdDJNsNuu2Wi1kMhnxL7uE/4jjOCgUCpvaZf7kcrknFMlRIcQOOm6nFaS955xMJiHL8nAA0zRvp9NphMNh/7Jt295ikEAg4DtoVyYvoGN8VF8/W/IB+JKiKDjwfgxR2YHucLouRkMW3hz65YNql2/dG5HsqfV2p0jH/X4N+AKziYCLO0cEHo67mBqn/4qMVdPB8ZYF7dLNi9A7M+bvNmKys09LnZnwASRJgmVZEJKLEIFIxB6gxYCkcHDdRHB55SXanZPWavsGpQDaX/NT4Ag4DUGp3v9KPpSB4Cxoua6NmWQc52pNytV8pM6+FdrhE9MEsssH4CIxwLs9857uF4+1ElAgEZosS+g213uVbHcAw9jogz7A7Eoec/onlEol77xt+hW40VLaMmTbYse72t5j12MjFKpuLPwVQWr0VI95Zy+C+tXzGCN7aWsMWxZ/TlDYX4LC+QGTCtMxng68AjuUy2VPVyoVj1nTNC/MYiIOtfA5S6xnw0S5pjWKau3784EI2IG7rq85/0QigT4Bi7r47YEW312DaX0YmAV+Rmau1WoIhUKo1+uIRCJoNBoeINv7otbnX6jNhaWBVqa+X9N1PcbMLKx5Flhzf9A0ukNnoVqtPs7n86cNehohNqaW991uF9FodG4zgD87aSjZlUUofQAAAABJRU5ErkJggg==","Rhinoceros, square-lipped",https://robohash.org/blanditiisreiciendisquasi.bmp?size=50x50&set=set1
Erasmus,Mohamed,emohamed1w@soundcloud.com,Male,252.185.53.220,4/4/2017,"data:image/png;base64,iVBORw0KGgoAAAANSUhEUgAAABAAAAAQCAYAAAAf8/9hAAAABGdBTUEAAK/INwWK6QAAABl0RVh0U29mdHdhcmUAQWRvYmUgSW1hZ2VSZWFkeXHJZTwAAAK5SURBVDjLjZBbSNNxHMVXDz3UQ0892AVSs4Q0shQRA5uzCFGL5Rxqc1u5mZpNnWNN533eaDr976blZeFllc7mMLMl6IOGqdOpS4vAPaRbb6FiQjpPm5QahvmFw5cfP87nezgkAKS9JI4+zp5Wey3Ot57AnMZ9rYnn0RAV6HHoz/+eZl74SYq12d2x0OaGnapL9azeF6CBeYxY6PSHrZeDH8OVsOmCsaA9BYva8/u+AKroo5V2cy8Wh1RYMz/D8nsV5id60F/sZ90XgBoew51pydxYmuyAY7YTKxY97AMEihKu6v4J4JK92Ep26CLBIEPFoqwl033HCGHqT7uOj69dhbAbcjFY+wAXOOd7AgQ+R/4CMIPPUJTsMEd1PBk71SjjQV4nQYUiF/lSAbo+tqCkvwi+eec0F/lnD28BZPRLg0+Sb6Gz4B5m2sRo5dNAMCioTQpDk1kM9bgQVaYMlJsy0f6pAen6NAQlB6i2AAq6Z/uXfu2uwrTZZMjGH6HCJEDxaDpyRlMg+pACtoqFOVXU/wurKI6GYkKEfMN9pKvjwK26ibjSUFAl12B7GrENOHi5RqQQpe0qzIeWBW5dDArb2ei2KGG2GSF7lwK6zBcMoffrTfOB4OeJVL5peeAbUPpSh9xGLQSEBvUjqxAo5hFfcn29a7oaXTMEXCPt40DWl4TAVLdVknt4LY3G614xzDogmQE4I0DCABDTDdC1ADEEROT4ocdSj51jmFK6ACBNSfzXxzrk4L+yg9kLMPUbiNdugKZxIFINRModuPLwNB4b76LMyNo0l71lbSew1oTYOkoyEJs3DK4RYL9xJtADDANwx5WifA6xvCjclnqj0pi4edm1XW8nQEr63JwU1FNEzQ6ktej900dBzptyahpk8SRCsk3wvPHCKs9KLEgQehuchiVX7N+73NXfL+Zkqi9OGtlWAAAAAElFTkSuQmCC","Vulture, egyptian",https://robohash.org/architectodolorelaborum.bmp?size=50x50&set=set1
Kristoforo,Rookeby,krookeby1x@lycos.com,Male,82.195.254.166,2/18/2017,"data:image/png;base64,iVBORw0KGgoAAAANSUhEUgAAABAAAAAQCAYAAAAf8/9hAAAABGdBTUEAAK/INwWK6QAAABl0RVh0U29mdHdhcmUAQWRvYmUgSW1hZ2VSZWFkeXHJZTwAAAKrSURBVDjLZZPPTxNREMe/265tbbEEkmpD6wGCGolwkYh6gIZwa28evHrTGMPFxL+AmxqT3ogxejDePGhQYxqh8VC1tCZSBVLFCsovgdKW/u7ue85s3BV1ksm8fW++n5n3YxUpJUzTclE7hTa1e7xozsnXSqcyLPNiWrkkdTwl18mbB8KyxuuKCSDxAIWX5IuQYp7iY0DEbSvXz0PHNRIFyJNCx2lHRIbMAvsBNykMQcqz1YYsNFvC3W6b98RnN6qhwPODantIEYV1aLXFNwR6IDTE3BdlzoY/Ni+EPDO3VNPvvdB8qSWPp6kcxXDPglvtHFWUZhvs9SOwVX3nRAsOFrPIApDoUL7YcJ7qcbm21r/g2fRHTL/NQVTWIUqrQJm2vFeDbLSwlnde3buv+C3AxMTE4LfvWzfuPtlEqaLB3daBRCKBzOZx3H53BfXCZ1T2XqEhFpEsHsaFyRNy6ObJoAVoNpuRrq6uwPu5r7j1aBvZpVUUi0Wsra3B71zBww+jmP3RjTvpAWwXVBzrDvZVq9UIa9XfAONUfT4fYrEYaBFjY2Pwer2Y27ChXPZi5afEwoYbiVwHnE6npTEA9Xq9XwgBv9+PcDgMHrdaLVQqFcNpHZ/yHjQaDWiaZgBovd8CcFKhUKBKZUOs67oBYEGtVjMA7FTVAPAcRwtAExkCjLCAE3mRISzgb57nMbvNZkOpVOKcjAWgynGHwzGiKIrRDVdnCEcWmZGhLpcLOzs7PI5bt0AnPpXNZvn5GlvgFvkg/23fbrcbbedyOXp0YsoCzMzMpEgQTSaTJW5RVVUDZFZn48oMSKfTJaoeJWjqr3+Brbe39zIJxoPBYJ/H4zH2a97G7u4ulpeXuXKUwJP//UymBQKBQTq0CJ1BiCoZ10ueIY9T7hSJU/vzfwHG+eOypzQIsAAAAABJRU5ErkJggg==",Canada goose,https://robohash.org/possimusvelmaxime.bmp?size=50x50&set=set1
Pierrette,Denny,pdenny1y@biblegateway.com,Female,70.104.34.66,3/19/2017,"data:image/png;base64,iVBORw0KGgoAAAANSUhEUgAAABAAAAAQCAYAAAAf8/9hAAAABGdBTUEAAK/INwWK6QAAABl0RVh0U29mdHdhcmUAQWRvYmUgSW1hZ2VSZWFkeXHJZTwAAAJJSURBVDjLpZNNbxJRFIb7A/wF/A5YunRDovsmRk3cmLAxcdG0uiFuXDSmkBlLFNOmtYFKgibUtqlJG6UjiGksU0oZPgQs0KEwMw4Dw8dQjnPuMCNq48abvJub87zn4547BQBTk7q2CDZdDl1OXdNjOcd3tj/jJ8Eruuxzb2RX+NMpHT/MMUfHJwKbSgv7Bxnm9YciPRMSXRiDsb8ZjOGrwWjNzZ4UOL4pg6IOQLsYEbU6fajWRYgdpLilnYIbY00T08COcCrzTen2NMCj9ocgKgMQdLV7Q3KnqH3YTyQV/1YWTezEAPvCsjGzCTfkPtR/9IGXDNWkHlTFnmWysxfj7q/x2I4NDRxh5juNZf8LPm12ifBkimdAheI0smjgjH3NMtgzlmqCNx5tGnq4Abe9LIHLjS7IHQ3OJRWW1zcYZNFgOnl0LOCwmq0BgTEjgqbQoHSuQrGuEqO+dgFrgXUBWWJwyKaIAZaPcEXoWvD1uQjc8rBQ4FUio4oBLK+8sgycH7+kGUnpQUvVrF4xK4KomwuGQf6sQ14mV5GA8gesFhyB3TxdrjZhNAKSwSzXzIpgrtaBbLUDg+EI9j6nwe3btIZoexBsuHajCU6QjSlfBmaqbZIgr2f3Pl/l7vpyxjOai0S9Zd2R91GFF41Aqa1Z1eAyYeZcRQSPP6jMUlu/FmlylecDCfdqKMLFk3ko8zKZCfacLgmwHWVhnlriZrzv/l7lyc9072XJ9fjFNv10cYWhnvmEBS8tPPH4mVlPmL5DZy7/TP/znX8C6zgR9sd1gukAAAAASUVORK5CYII=","Swan, black",https://robohash.org/quiquospossimus.bmp?size=50x50&set=set1
Paolo,Costan,pcostan1z@psu.edu,Male,208.158.44.79,3/14/2017,"data:image/png;base64,iVBORw0KGgoAAAANSUhEUgAAABAAAAAQCAYAAAAf8/9hAAAABGdBTUEAAK/INwWK6QAAABl0RVh0U29mdHdhcmUAQWRvYmUgSW1hZ2VSZWFkeXHJZTwAAAGcSURBVDjLxVM7SEJRGP5vmVfpAWGFERJUONQWLtEQOUQRbUK09IDW1mp1KKPBsdGlWqKIqGiLoq0aggqxraFARMpX95535xxCNLouDh04cM7//3yvwzGEEFDPaoA6l6vyEj3MaDmcc0CMX23NdY9X9iPxlxijsHK8GmxxUMAh1O+BAb8bEKZVnZntVMyisFYiotnRgkU4UMaByC0Hy/XpzWQ80GGuTwy1GUULO1tQrIQJQBLIsriuTW4kE71d3qWg3wNM9gqIOYeoWDHlGuALYQhHn/cCPnNpsMeEjyIBW9bzP8B/KlCsSAJ4TQNyiI0M97WaPe1NkM4TyJco+FpcQC3irECxYsVuM/iyaBFTplltzHU+6sx/KagCKCDlX0A6R5TXp5O77NHl4wd43QYYoOwJEAg7A6iEEZHsMijpVbzuhCLPqdzBzcMnNHsadT7CZrUUMB2gjVnZ6/v+6GzqMbt7e5/V+fBaIaqEbfUKEqByMH0enu8cu+AE0QVBqDOAYk2cvUmfUiqrHsxcTy36QqcE3K7lyrrx77/xG/TSBY2ALCinAAAAAElFTkSuQmCC",Bush dog,https://robohash.org/quamtemporenumquam.jpg?size=50x50&set=set1
Faye,Streetfield,fstreetfield20@cnbc.com,Female,180.208.73.76,3/5/2017,"data:image/png;base64,iVBORw0KGgoAAAANSUhEUgAAABAAAAAQCAYAAAAf8/9hAAAABGdBTUEAAK/INwWK6QAAABl0RVh0U29mdHdhcmUAQWRvYmUgSW1hZ2VSZWFkeXHJZTwAAAKuSURBVDjLlZLLS5RRGMbf7zrzebdw8FaSqJAbF0GgRBvptinoPxDKRdDKQjBw2TKClgVJCwmUyMBKydDKS9TCME2tRhs1cZwZ57ud853bfB0HiiAVOvBuDuf5ve/7nEcJwxAOOgPTtk4Fr6ZU1OCAVyBCm2Td9jEdcxG5pBwEeDyZtaRwjAvWSpkAxjkITsGKqJBIuvB903upH9QdE3rd1MLW0gIVCMsBoYq8U8H2CUQNBdJZp33fCe6PbJo+4XZVmRHFhEDKCXaB4Accii0NFlfT8GNt56a6X/er56qog/Cd1aQjRRQictasR8B2EXgIQyblAbX95X9WeDSRPiriz3oZY1pvZ2dH590Z7GB+q7LcjBZHVdhMBaCpEfBsCXDR9p8V+t9lLGlUP7PXLxyJbkUMw4DZ2dm+rq6ujjPdz09xTEZrY8VWYZEh/WAwNxWHwEV1eYDsqsuOCxFDaYRQwGZ8ljeUE31+fr4PY3xFVulM5mQzC4LRypoSy037kEykvuZytDnvAQ5oNSa8scAE0JQcGIeb9LcrJl02Tj+U4gcIoanG8MU35qKzK58SaCux9ZSLoGVxvJvnPfAQrQEQEhTCRhpBYVQB61CNyZY+v6qvrzdisRgMDg6O1+kjbUt+23EpTPz2LA9wMa7QFJBuhxIWQHKHQWmBDrXHGozJuTfQ4sWBEDI9NDSUkc8zf5ueB9gubiqyVJBacBDZXQm2MhSiugZW7QkYfj/NuGi5ttd3a9uxi6bM9FhFmak5fgCmHEXqQFcVEDkBiZVt+edhz8fh7om9AHrWxV5JgWoImXMfE1jbsMHd8QF7AQQyONjxp4UQ9/YLnJ710JgaGucXUi6sr2cY84MeQfmyCOg2p3RD5PjPL69v8H0ByEWXnSR7IoPSzjEt+jDQQeE/zi9kq6pv7shelwAAAABJRU5ErkJggg==",Greater flamingo,https://robohash.org/estcumqueincidunt.bmp?size=50x50&set=set1
Iris,Ponten,iponten21@creativecommons.org,Female,178.75.109.187,4/1/2017,"data:image/png;base64,iVBORw0KGgoAAAANSUhEUgAAABAAAAAQCAYAAAAf8/9hAAAABGdBTUEAAK/INwWK6QAAABl0RVh0U29mdHdhcmUAQWRvYmUgSW1hZ2VSZWFkeXHJZTwAAAK5SURBVBgZBcFPaJZ1HADwz+95n3e6uTnREGdljRKtGCYiHTLxkIUmQeeCOnXzVnQIoi5BQV08TMo6GIiHiKI6ZEWgszzEmtpqSDP7s9ycm9NN977vnuf37fNJEWH/G6df6l676vki2YXVSCAhEpFVOU8uzMX36daNV88MH+oApIhw8O2zZz45vOuhokjrgoYAIALC7NKKEz8vmP67fee3XyfWjwwfakMJRSNt6yob68avaRQpkYhMHVlVheWV2r6tffYPjNi4eLyncWCodf7jI1Jr6sUSUkq9EdHoajQkIZALZOpEIWlPf27r4jndQy/oH9xp4c9tJk4de7eEIEGBlAgJREqKRP/yKXVcsH7r4+Ynf9eVOvrWbtK7YUt/CRBB2SBJIiW5Doqkd3nEllWj+gef1r56UldP8tfYhJt3UhTtuR0FRBAoU6FISYFGkaxePG1LfKv/gYNa/30oNW9o9vbpzvOOXj+wsvvwZ5cKCGSkRJGSIiWtK19af/uU/gef1ZoaVjRXdG7db+bMed173zJVD2QoIFdEkBG4fflrPYs/2vjIMzrTxzS6QvvWfWZGRs3tGZY2bFdnoICcQ0QQTI+e1L3wk5W82dWLR2Qtt+fvNnNuwuLeo1LvgNXNpK4CFFBn6iAysxc/8vCel636Z8SlL84a+2be+Hdjlh57R9WzWaDZKFSdCpSQq5AjvPlLx9DkrM74VwZ3POHm7JzJsUk/7PvU9Sv3yipwYlPTSjuDEqqqVtcMrG0a/+Oa9z8Ytnv7oOXNOyw9edyjffeIIIIL1yqRw0qrAiVU7ZyrnKNTS+te/9flFCYlkJdIS5UcRJEUOSnLlKs6V1DCSqueWdPVuOu1oc6aiCgEGdDfXYIIuptJSnKzkRbrKk9BCSnFe0+9cvq5lNLOED0AgkAIIEAr5zxaFk7A/5IUWNTkV3l/AAAAAElFTkSuQmCC","Owl, madagascar hawk",https://robohash.org/ullamquodeaque.jpg?size=50x50&set=set1
Chloette,Kneale,ckneale22@slideshare.net,Female,86.231.6.251,6/18/2017,"data:image/png;base64,iVBORw0KGgoAAAANSUhEUgAAABAAAAAQCAYAAAAf8/9hAAAABGdBTUEAAK/INwWK6QAAABl0RVh0U29mdHdhcmUAQWRvYmUgSW1hZ2VSZWFkeXHJZTwAAAMvSURBVDjLXZNtSFNRGMcvgQQRfYsoCD/0waI3ikqzIoTojV6IgiwrtBejzGRlVGi1QaHZamZpaaalNnPWyjmNlrZ11dnyZc6luWauXNmWm267zvT68u+cSy3rwO/e5z7n+f/Puc+9hwHADFQwkwhigonwjjCZ5idCcjN+zxsIIX/yTL+SCSKkDTREfeVdWngb9jkNqq21iVW8juD+je6tagfrMx5zDbYnu0m9gTBbMHAWM0lew/5vw44K9NbH9DcqwrnUWhduNzhxv+W7AI1vsF1oUSz1e8wSP9dy+gfRNRGCGPsD5oLPlOx21MT064vCRzLqu1Fi6oGc/YwsZRsyStvwoLoLcuNX5L3R4oNqw9igvXTU8XyehWhDmE/ZzJqOnCmWutxF/jRtF4oN3VBqbei0e+Hycuj1DsDS7UWhphN5NTaUlElhkocNtedMaybaEKERiffLr519akZOrQ0KshodfR4PPn77jp8kpnDjwF11J7J0VlxUsDier78i9IBeorKbdGeemHH3hQXtZGX/yDg4vx+ZeflwEiPf0BCevnwN9qMHKYpW0FqqCRjsSmfdInkzrj4ywTnIo29oDMNk4rxYgiJlGc5ekkCjN8Ds4XEqywBaSzUBg20pL9yxuQaI843o5nhiMga7x4fL0uuCmDW2oncEaHTxiE+vB62lmoDBxotPdJEyLSSFTXhj9aCHvLTdx6NSV4cutxeOUaBEr4ToTjRib2zHnivrsSkp1hYwiDjzULxZ/BwJ9/RIVVjQSxrWxwO+MQKJS+seQ1IaA/X7TLT0aCB7dRy7ZQsRGjdTKhisis9aRmhbf6EcomwWVxUdMNr6wZF+cH4eMWmbUGZOR1l7hvCFpFVHIKs6Sg1+Bv71FUekR4+lFvrXnXuGA9JXEN1ikXizFiJZDbYkLUHl+1xMHKrWTGrw97Do9foIs9mMai07uiouF8tPyBGaoBRYeSIY1zQHkaKJFsQpL6P/3YFarZ5O4KxWK1Tl5e7Fe5MlCyKTdAQ3ZemhiC87pXNxXXNYWJne6XOgBwUFBVMJHYRhwvz/jzKFFKeGxc0aoNtefTJ4fG3CnFs0/wsC49wP713enQAAAABJRU5ErkJggg==","Duiker, common",https://robohash.org/architectoipsaex.bmp?size=50x50&set=set1
Guy,Broxup,gbroxup23@joomla.org,Male,105.164.27.213,6/25/2017,"data:image/png;base64,iVBORw0KGgoAAAANSUhEUgAAABAAAAAQCAYAAAAf8/9hAAAABGdBTUEAAK/INwWK6QAAABl0RVh0U29mdHdhcmUAQWRvYmUgSW1hZ2VSZWFkeXHJZTwAAAJ/SURBVDjLpZNfSFNRHMe/293umptu01GJMF1WQ5dRQgVl0UthYNHDiAQhChF6bdBLrz1Erz3Ug7CewqeoF0XzZVialnaXSHOYM2Ko6Szn3P2ze+/pnDMdodZLFw7n3nPP9/P7/n6/cyyEEPzPY9u5MDU1FdN1vatYLNroDDrzoWkam/sikUjnnoBEIuGhgl6v1xtxOCqgUhFME9wfdenzeTE4OHCTfu0GSJLUzsR+v7/O5XIhvZABi26aBCYxKYjAoDBVVfdOgW4eCAQCfEGWFRSpeDoxSQFmeVy6fIWnsSeA5SiKInK5XCmyYaA5fIJHJ1vRWbGrhRRmX3QSwd2CzdU4LErmFgcwskFFbBNrCrOekD7Q2eDR2b/AxSqcb7TD6e+CJ3gSv9IhJId6H5cdlGpF+GYGCLe08ujMRaUxAb9rCe7ac1j7+gWiRUNl1UG4awKesoNtAIfQyEzM353DCPkIvMF2qIt9ECss+CYlUVS0rCLnz5YBZbFRKhoDOPUEWmp1eBqvQck8g1XUYXfXY19hermQt7WfuvcmxQGsPdsnkllmKZDsKI4eWYfn8HUqfgqrXYeWC2IlPrZhyIWO1ui4VO4Cc8C6IAhCKe/V92io+Yn94avQlnohiATKej0W4+O08oXjoej4wnYbrVsOJkZGRpDP57GRjqPBR9tJ6rA4/QQmFGyu1WF5dAbPZwMIRccW/jwHHNDd3X1mbm6uo7+/fzKTfInmth44vr9F6vU7SINrmBn6CGfbA2Rl666DZNl5Gx/2HNPv37krwGpAGn6F+XQan8Q2ZFUHa3EyFos1/RNw40K13HrogO10UxDEro7KP1Zudzz6PP+36/wbU7aHpoSFkuUAAAAASUVORK5CYII=","Hyena, striped",https://robohash.org/laboriosamveniamconsequatur.bmp?size=50x50&set=set1
Mella,Antyshev,mantyshev24@webs.com,Female,113.198.68.226,6/5/2017,"data:image/png;base64,iVBORw0KGgoAAAANSUhEUgAAABAAAAAQCAYAAAAf8/9hAAAABGdBTUEAAK/INwWK6QAAABl0RVh0U29mdHdhcmUAQWRvYmUgSW1hZ2VSZWFkeXHJZTwAAAGrSURBVDjLpZM9a1RhEIWfu3eNYVcLiYqrmA8QjPgrBFGws4uCrYKdVgFBAorYWFtYBe0FiQqbRlBbERGDhUEwxkRBiCEbZd85x2LvfrFbBDLVFHMezplhMtvspkrsssrt5sHCj44V2RiIAAyWkCHU6kNw5/J41gcAOHpgBGMsMGAZGdwDkWB5vTHoIGzsQiCwjV24KUCSkUw0h0SIaFnERiqE7V79kGZoEOBQa9AgCYtCoI6wDUxpCCAJFEbFUGu43avrxKDkQYCSCLmT0z2ZXURqO0nDAClBhDr5+yFQW3rMwY/zlH4uc6J6mPrLtdlz9XS/C4ggolxsvRC6dcra0hNObbxg+spV9k6dZvtDnU+vF+8unt2zVeo6MBFGCSLcukqIFGbfu0ecPHOR0S+vyOYvUVl+yuTEWO7MN3ocuNhB/8ZtU9lYYfTIFFy42c0+VyNXNtmzA/H5W6OTWRIOI2C6cojG++dUn13n3/YaDWDzT07krGY7+cY3M8fmRvZXbx0fS+VyaYXNX4mv63k0//p2ttN3fjszPrv1e/VaHtlE5P5ueHi+nu79Bx7reDBYdnW7AAAAAElFTkSuQmCC","Francolin, coqui",https://robohash.org/praesentiumetab.jpg?size=50x50&set=set1
Izabel,Springle,ispringle25@xing.com,Female,173.228.146.50,2/22/2017,"data:image/png;base64,iVBORw0KGgoAAAANSUhEUgAAABAAAAAQCAYAAAAf8/9hAAAABGdBTUEAAK/INwWK6QAAABl0RVh0U29mdHdhcmUAQWRvYmUgSW1hZ2VSZWFkeXHJZTwAAAHwSURBVDjLpZM9a1RBFIafM/fevfcmC7uQjWEjUZKAYBHEVEb/gIWFjVVSWEj6gI0/wt8gprPQykIsTP5BQLAIhBVBzRf52Gw22bk7c8YiZslugggZppuZ55z3nfdICIHrrBhg+ePaa1WZPyk0s+6KWwM1khiyhDcvns4uxQAaZOHJo4nRLMtEJPpnxY6Cd10+fNl4DpwBTqymaZrJ8uoBHfZoyTqTYzvkSRMXlP2jnG8bFYbCXWJGePlsEq8iPQmFA2MijEBhtpis7ZCWftC0LZx3xGnK1ESd741hqqUaqgMeAChgjGDDLqXkgMPTJtZ3KJzDhTZpmtK2OSO5IRB6xvQDRAhOsb5Lx1lOu5ZCHV4B6RLUExvh4s+ZntHhDJAxSqs9TCDBqsc6j0iJdqtMuTROFBkIcllCCGcSytFNfm1tU8k2GRo2pOI43h9ie6tOvTJFbORyDsJFQHKD8fw+P9dWqJZ/I96TdEa5Nb1AOavjVfti0dfB+t4iXhWvyh27y9zEbRRobG7z6fgVeqSoKvB5oIMQEODx7FLvIJo55KS9R7b5ldrDReajpC+Z5z7GAHJFXn1exedVbG36ijwOmJgl0kS7lXtjD0DkLyqc70uPnSuIIwk9QCmWd+9XGnOFDzP/M5xxBInhLYBcd5z/AAZv2pOvFcS/AAAAAElFTkSuQmCC",Red howler monkey,https://robohash.org/consecteturetquia.bmp?size=50x50&set=set1
Salomi,Dowdall,sdowdall26@bbb.org,Female,225.100.230.108,6/24/2017,"data:image/png;base64,iVBORw0KGgoAAAANSUhEUgAAABAAAAAQCAYAAAAf8/9hAAAABGdBTUEAAK/INwWK6QAAABl0RVh0U29mdHdhcmUAQWRvYmUgSW1hZ2VSZWFkeXHJZTwAAAItSURBVDjLfVM7bBNBEH27d7alOKfYjsM3gFLjRCAgiAoFBAIhQUNJh0SLqGgpEQW2a6LQ8VGgAAqUBqWk4bAbDEgoNCALJNtJlKDzfZaZ2bNFUJI9zc7d7c57b3ZmlTEGuw3f9x9HUXQjDEOXPMiL9ft99s/UTgDNZnOMAuYLhcL1XG4EAQUhSSC7KaZYLGBp6S3c7YIbjcYlDi6Xywfz+TxWvv8AsyeJQWISAjKICSwIAritViuI4zhLJpsGMtl3u93/JaPT6RJQggsXL8s/l4MnJw+j11sVdsOPYZVGjD+IE6XiGN68foWjlePCzmuigFE5+O68T9sUlKLZTuLZ1tfW8ODWKWH86L8Hq91/5ZpVwFKZlTcWS+PQWkOR6dT4nQFMYhkrMyfl3aRnoFkBfROAhuM4W0ynngcfHjP+9law0KtJWqIgTMujtILjukN28ZwCeVs5y7jw5RE21iNRIQA88YFwCsw4tWdE8rdD4edqlCqwjHfG7yEpWUAmFwCd5sn27ev2HeloRwBsL9hKDRVkMi7u3zwm5QnDCJubgTBksxlKw0j3aWXXYo5MyygKKK+Hy8vvzg4ahXzJ87wprk673Q5IXY5T47jK9AyOHDogivbtnZBm23IX6vX6bQK5Onv6zDnPK+Dli6d/qOZP6Hxm6f/0v13KRmufhwC1Wm2CSvZrbu48Rj2PNsRwHU2g1Y1qtTq6020dXiaS3iH7sLj4/MSg/1PGT7td97+G8aA4FJOt1wAAAABJRU5ErkJggg==","Spurfowl, yellow-necked",https://robohash.org/itaquevoluptatumconsequuntur.jpg?size=50x50&set=set1
Gwendolen,Pendrigh,gpendrigh27@ocn.ne.jp,Female,84.200.125.73,9/25/2017,"data:image/png;base64,iVBORw0KGgoAAAANSUhEUgAAABAAAAAQCAYAAAAf8/9hAAAABGdBTUEAAK/INwWK6QAAABl0RVh0U29mdHdhcmUAQWRvYmUgSW1hZ2VSZWFkeXHJZTwAAAHYSURBVDjLjZPLSxtRFMa1f0UXCl0VN66igg80kQZtsLiUWhe14MKFIFHbIEF8BNFFKYVkkT9GKFJooXTToq2gLkQT82oyjzuvO8nXe65mmIkRHfg2c+/3O+d8l9MBoIMkvi6hkNDAA3om9MTz+QAhy7JqnPO667poJ3GOdDr92Q/xAwbIrOs6GGOeFEVBtVpFoVCQkHw+j0wm40Ga5k4C0AXTNGHbNsxv32Hu7YNtp1Cr1VAsFiXAMAxQkWw2ewNpBZDZPjiA+XYebioJ9nIKqqqiVCrdGUlm0gpwzs5hzrwGX1uGMTMLtvrBG6VcLstOcrncPQDOYW3tgCffw0isg4uqnP6J8AhCnVAelUqlPYD/PYE59wZ67BXsL4fg/6ryYhNC82uaJkFtAdbHT+CJFbgbCagjYbDNlDev4zgyH4KQ7gA2n/fMUWWeiAtzBMrgWABAXciAhaibAKAYnXyaGx3/5cSXoIajsH/8hHP8B87llTSSqAMSmQMAfSL2VYtET5WRCLcW3oHt7Aaq+s1+eQAt/EJXh8MNe2kRSmwa/LoQeOsmpFUeQB0ag9I/jIve0G/n6Lhx3x60Ud3L4DbIPhEQo4PHmMVdTW6vD9BNkEesc1O0+t3/AXamvvzW7S+UAAAAAElFTkSuQmCC",Black and white colobus,https://robohash.org/eaautdoloremque.png?size=50x50&set=set1
Doro,Denizet,ddenizet28@usgs.gov,Female,83.79.192.226,7/1/2017,"data:image/png;base64,iVBORw0KGgoAAAANSUhEUgAAABAAAAAQCAYAAAAf8/9hAAAABGdBTUEAAK/INwWK6QAAABl0RVh0U29mdHdhcmUAQWRvYmUgSW1hZ2VSZWFkeXHJZTwAAAF7SURBVDjLpZI/S5thFMVPXt9aakBjIYJvyFycnZw7KDhkcCi41BK30tpkqA5d/QClLv0IKuIQB/8Mje5dVLCCxhQtkg+QFnLPuU8HqYY0Q4h3fLjnx+9ynlQIAY+ZqNfFxcr8ypvtVwN9A2icp/Fr53uq84SlajEv+ZyoacknRWVlwvhwDk6h1qh93lzY+dAV8L5anHL6cpLOFTJPR5F+kkYcxfDgoAt04rR+gtqvq9XK24NPABDfh78V85KWX2QmCmPpMfyx34iiCHRCLngIkAtGwoyD/3L3AFFzyVBSyA5lQRdMwtntOX426qAJyfMEpHB1U1vbLVU//gcgNT08mEHTmqCEox+H1zRubbyulABg9svLY5q+75Wr77q2IOPMyLMRDKRiXDYu0B4GADOum3Gxs4UHAxMoQsFRb9SxubBTal/cLx+udqu3DUAwEJKDLfb8E+M2RRgFQTDrA8CW7gxc/RnQCBPhoU8DaxF0wh9jsH+0d9cGewf8BRKi/IUanjYRAAAAAElFTkSuQmCC","Otter, giant",https://robohash.org/doloremutaut.png?size=50x50&set=set1
Marjory,Birdfield,mbirdfield29@virginia.edu,Female,247.200.196.70,10/13/2017,"data:image/png;base64,iVBORw0KGgoAAAANSUhEUgAAABAAAAAQCAYAAAAf8/9hAAAABGdBTUEAAK/INwWK6QAAABl0RVh0U29mdHdhcmUAQWRvYmUgSW1hZ2VSZWFkeXHJZTwAAAITSURBVBgZBcG9r59zGAfg6/4+z+/Xnp6qKol2IuKtNmlEDMLCQBeDySIRGxuDRExiszXphkTS/8Bo0DJIREQQSVkk4qWqDY32nPM898d1VRLPvHPx5Z1jh14a5QwOo0AhRdrS/fP1q/m0/rn25qXzZ/cBKonn3vvi0sevnzk9Rh0PkwCQQFy5ceDCV9f9/svefz989+OJz8+f3YMZxlQPbefp+Pd/mkYVRZo1bVni5sHq6Qdu8/iDsy/7ypH0w9eeeu2TOz479/zegKo6mmTaTsNmMBfTYCqqGArt1LGts4+dcu/9h3bmY7sfwoBQMDCKUWVUGVVGlTGV3/6+6Z6jBx45UV594k7TZnoRZoCEeaKUVOk1jDJPbDP8dDX2e9G978n7Dql5LDBDQjDXEBHUKIU0mQZbRpfuSQxqgBmCRhWlBEGazQSoodaSEY0EmKEXEhqFJGAMdJmnkCJEWZu1gRm6IwkhAkCAUirMg8bhDesSMMParCFNAwjosDZBhxSbaVj2FzBDL9GJk2+/IoqgVyrSgLQK0B985GCvwQzLslpXtneftHv6NOsqvdIlCR3SKu3G5cvScXBrATMse91Ldxzs141vv5EVvYIKLSoINWKeRy9rLzDDwa31j93tdNdfb727m2QIDbh9ZwYJO5uhSm+m+ndd+leYoSrvP/vGxReq6tHIEQAhiAABt7r763m4AP8D8JchsxSnIZQAAAAASUVORK5CYII=","Stork, painted",https://robohash.org/impeditducimusest.jpg?size=50x50&set=set1
Cornelle,Maddicks,cmaddicks2a@fema.gov,Female,63.147.72.24,12/29/2017,"data:image/png;base64,iVBORw0KGgoAAAANSUhEUgAAABAAAAAQCAYAAAAf8/9hAAAABGdBTUEAAK/INwWK6QAAABl0RVh0U29mdHdhcmUAQWRvYmUgSW1hZ2VSZWFkeXHJZTwAAALnSURBVDjLpZNbSNNxFMcN9b3opZce7CHqIagegqAgLB+NyMIMFCRBSX3wPm+Z1ZZZlhpT03ReZs7ZvKDpps7LmKa2uTbTnO7inM3L5vxvc3P+1X37zYeVGBF04Mvvxzmcz+/8Duf4AfD7Hx1yDPIKg0dbHonlnYz1r8JsWt6VRUubk1ZE1Unt7e+yLv8VIOGzylS9jG2jegxry1rYbFZQlAVLCyqopDwI38duNr9JyP0jYIjHLNHIymE1G6A2WPFxQI8ywTRK+d/Q0KPB5NwK9OpRdFfFgcOMSTsAEDUUXJF1ptKWVT0kChNaB/XQGG2w2Bww2zahXrShoVeDtmEdZhU94D6956xiPbzgA/TXZXTPk8D3hXXwxTp4zUpRmPuxjC1y98rhASq6NJAqDejjpqAiJ6LBBxioT1w2GabAFc1jhrzs3PHA4XSCXcPBKgHZ3W4IRAOQzFF42aTE1EQzqrLD9D6AuC5hy2pZQmGjEqsuGlb3HrZJIPNxPritHcjIy0fv6DimKBrJ7HEs6sdRk33H5QMIK2O3LGta5HMUWHTQBLIHI2XHs1dF+8kShQrmHUBmoZFY/BkG7TCqM8N+AQSvo3TaqR4U85UYnqdgIp822ml0D41At27Dyi6gamFjIPIM+oMD0R92HE2RZykfoJYZxRlqZmBUOYcCvhpm0jArDdj3iMh9vq0MqvSr2PpUBM+MEE5eMr7En/P0Xg9I3AdUP48/X/8k3DUrq0djjxwv+LNQ6DfgIP1wOGn0R5yCiySjNBTIOAawgmAuvAbRDX+db5Aq86MZHwruYmasDIMTMrA4Y0gvHUFKsXS/bI+8Fb/bRt4J4g/wHBhldk5kbiXjlqOj/D4mxUzoZrjQTdei7/ZRbFY/AEiSO90PViJDnD9EIf5Lh5aJnRt9qSQtrOlt8k1DeWqoyytBzEVqLOa0x5QRhLXMQGhjjkAcGrArDPHP+ue1lYafZJAX9d6yyWn0Jnv9PwH2GPv45gRecwAAAABJRU5ErkJggg==",White-throated robin,https://robohash.org/asperioresquislaudantium.png?size=50x50&set=set1
Erwin,Maddrah,emaddrah2b@chronoengine.com,Male,153.199.27.232,6/29/2017,"data:image/png;base64,iVBORw0KGgoAAAANSUhEUgAAABAAAAAQCAYAAAAf8/9hAAAABGdBTUEAAK/INwWK6QAAABl0RVh0U29mdHdhcmUAQWRvYmUgSW1hZ2VSZWFkeXHJZTwAAAJ2SURBVBgZBcFLiJVlGADg5/3+b87cbLyFNBJ4oexGQYqIi6hFQambgohoE0aLUqGCaBcuonWLUFe1CIJolWCLaiK1C0FUREpRBgmWNpqi4XjOnP97e57ITI+8fuLZ6bnJZ0rYhikECGSQzbi1M1cu5UJcvfzqycN7RgCRmXa9+dXJ9w5su6uUWJV0EoBMSIv/LXv/uyvOnx1eP/3zL2u+PLxnCBVKF3cMarfq1D+6EkGQjT6b8TgtLfceuv0mO7ZU37bFmWx3Xn5w/7HVx9/ePSwQESsysxt0xUShBl2hCyIoAs383MCe7fM23jY5Xedm34UCSUBBCUqEEqFEKBFKF/7+d8mGFcvuXhOe37lWN9E9CRUgk9oRQkZofVJC7Rhk8fulNGpjrY08sHlS1DKGCpkkahQpJaKEQDayKwwoLbTWSYUooEKiIYIQEolsTHSAKKIPWVJDJlChjcmkIZCZoBS0ULskgySFvtE3oEJrKTNJUgKQQAj950eMFg5ZPvebU+vW2zH9WGWnCn2jT7LRACRoyY2FI6ZOfeC+p54zuekeSz99YubkQv304YkDFdo4tUwHfxgJqQWZQSMjPX30Lbv3vmDqzBeceMPMylU2b9jg+1/z5Qrjca/vmZ+bsHVd0ZI+6YOWrL7yp6lbNrHrFQD14LyuxcYK42Fr49Zy1ItvzvVapBSgJetXzrv+4zGzR180XDrvOq5d7fSdvyos3+gvzA66m1+7dzSbmUXSACunq4vn9zt9/B23rp5WuwnXFsf+uNBJ/aHITNv3fbZvvJyPR8T9KWcAJImUHh0eq1sXP+zWDi/G1cHc8Oxgy8cvffT1E/8D2iAtJW5RUGAAAAAASUVORK5CYII=",American bighorn sheep,https://robohash.org/errordoloreid.bmp?size=50x50&set=set1

